Player,height_cm,weight_kg,weak_foot,X90s,Gls,Ast,G.A,G.PK,PK,PKatt,CrdY,CrdR,xG,npxG,xAG,npxG.xAG,PrgC,PrgP,PrgR,Gls_90,Ast_90,G.A_90,G.PK_90,G.A.PK_90,xG_90,xAG_90,xG.xAG_90,npxG_90,npxG.xAG_90,main_position,player_positions,pos_LB,pos_CB,pos_RB,pos_RWB,pos_GK,pos_LM,pos_CM,pos_CAM,pos_CDM,pos_RW,pos_RM,pos_ST,pos_LW,pos_LWB,pos_CF
Aaron Cresswell,175,66,3,4.8,0,0,0,0,0,0,1,0,0,0,0.4,0.4,4,26,6,0,0,0,0,0,0,0.09,0.09,0,0.09,LB,"LB, CB",1,1,0,0,0,0,0,0,0,0,0,0,0,0,0
Aaron Hickey,185,72,5,7.9,0,0,0,0,0,0,5,0,0.2,0.2,0.1,0.3,9,21,13,0,0,0,0,0,0.03,0.01,0.04,0.03,0.04,RB,"RB, RWB, LB",1,0,1,1,0,0,0,0,0,1,0,0,0,0,0
Aaron Ramsdale,191,77,3,6,0,0,0,0,0,0,0,0,0,0,0,0,0,2,0,0,0,0,0,0,0,0,0,0,0,GK,GK,0,0,0,0,1,0,0,0,0,0,0,0,0,0,0
Aaron Ramsey,181,73,3,5.9,0,0,0,0,0,0,1,0,0.3,0.3,0.4,0.7,8,8,17,0,0,0,0,0,0.06,0.07,0.13,0.06,0.13,LM,"LM, CM, CAM",0,0,0,0,0,1,1,1,0,0,0,0,0,0,0
Aaron Wan-Bissaka,183,72,2,19.8,0,2,2,0,0,0,4,0,0.1,0.1,1.5,1.6,30,77,54,0,0.1,0.1,0,0.1,0.01,0.08,0.08,0.01,0.08,RB,RB,0,0,1,0,0,0,0,0,0,0,0,0,0,0,0
Abdoulaye Doucouré,184,76,3,29.2,7,1,8,7,0,0,7,0,8.8,8.8,2.9,11.6,55,97,140,0.24,0.03,0.27,0.24,0.27,0.3,0.1,0.4,0.3,0.4,CM,"CM, CDM",0,0,0,0,0,0,1,0,1,0,0,0,0,0,0
Adam Lallana,178,73,5,9.4,0,1,1,0,0,0,2,0,0.8,0.8,1.7,2.5,9,39,55,0,0.11,0.11,0,0.11,0.09,0.18,0.27,0.09,0.27,CAM,"CAM, CM, CDM",0,0,0,0,0,0,1,1,1,0,0,0,0,0,0
Adam Smith,180,78,3,23.9,0,2,2,0,0,0,6,0,0.1,0.1,1.3,1.4,24,89,28,0,0.08,0.08,0,0.08,0,0.05,0.06,0,0.06,RB,"RB, RWB",0,0,1,1,0,0,0,0,0,1,0,0,0,0,0
Adam Webster,191,75,4,12.7,0,0,0,0,0,0,2,0,0.4,0.4,0.1,0.6,16,80,2,0,0,0,0,0,0.03,0.01,0.05,0.03,0.05,CB,CB,0,1,0,0,0,0,0,0,0,0,0,0,0,0,0
Adama Traoré,178,86,2,4.2,2,3,5,2,0,0,2,0,1.5,1.5,0.7,2.2,29,16,48,0.48,0.72,1.19,0.48,1.19,0.36,0.17,0.53,0.36,0.53,RW,"RW, RM, ST",0,0,0,0,0,0,0,0,0,1,1,1,0,0,0
Alejandro Garnacho,180,72,4,28.5,7,4,11,7,0,0,4,0,8.4,8.3,5.1,13.4,178,62,281,0.25,0.14,0.39,0.25,0.39,0.29,0.18,0.47,0.29,0.47,LW,"LW, LM",0,0,0,0,0,1,0,0,0,0,0,0,1,0,0
Alejo Véliz,186,77,3,0.6,1,0,1,1,0,0,1,0,0.2,0.2,0,0.2,0,1,3,1.8,0,1.8,1.8,1.8,0.45,0,0.45,0.45,0.45,ST,ST,0,0,0,0,0,0,0,0,0,0,0,1,0,0,0
Alex Iwobi,185,75,3,1.6,0,0,0,0,0,0,0,0,0.3,0.3,0.2,0.5,6,4,8,0,0,0,0,0,0.21,0.14,0.35,0.21,0.35,RM,"RM, CM",0,0,0,0,0,0,1,0,0,0,1,0,0,0,0
Alex Iwobi,185,75,3,24.4,5,2,7,5,0,0,2,0,5.3,5.3,4.7,10,109,147,175,0.21,0.08,0.29,0.21,0.29,0.22,0.19,0.41,0.22,0.41,RM,"RM, CM",0,0,0,0,0,0,1,0,0,0,1,0,0,0,0
Álex Moreno,179,68,3,11.5,2,0,2,2,0,0,2,0,1.1,1.1,1.1,2.3,32,24,83,0.17,0,0.17,0.17,0.17,0.1,0.1,0.2,0.1,0.2,LB,LB,1,0,0,0,0,0,0,0,0,0,0,0,0,0,0
Alex Murphy,188,76,4,0.1,0,0,0,0,0,0,0,0,0,0,0,0,0,1,0,0,0,0,0,0,0,0,0,0,0,CB,"CB, LB",1,1,0,0,0,0,0,0,0,0,0,0,0,0,0
Alex Scott,180,70,3,11.3,1,1,2,1,0,0,3,0,0.7,0.7,1.7,2.4,24,50,35,0.09,0.09,0.18,0.09,0.18,0.06,0.15,0.22,0.06,0.22,CM,"CM, CAM",0,0,0,0,0,0,1,1,0,0,0,0,0,0,0
Alexander Isak,192,77,5,25.1,21,2,23,16,5,6,1,0,20.3,15.6,3.7,19.3,68,71,129,0.84,0.08,0.92,0.64,0.72,0.81,0.15,0.96,0.62,0.77,ST,"ST, LW",0,0,0,0,0,0,0,0,0,0,0,1,1,0,0
Alexis Mac Allister,176,72,3,28.9,5,5,10,4,1,1,7,1,3.7,2.9,3.6,6.4,44,209,48,0.17,0.17,0.35,0.14,0.31,0.13,0.12,0.25,0.1,0.22,CM,"CM, CAM, CDM",0,0,0,0,0,0,1,1,1,0,0,0,0,0,0
Alfie Doughty,183,68,3,32.5,2,8,10,2,0,0,5,0,1.3,1.3,6.3,7.6,94,106,164,0.06,0.25,0.31,0.06,0.31,0.04,0.19,0.23,0.04,0.23,LWB,"LWB, RWB",0,0,0,1,0,0,0,0,0,1,0,0,1,1,0
Alisson,193,91,3,28,0,0,0,0,0,0,1,0,0,0,0,0,0,5,0,0,0,0,0,0,0,0,0,0,0,GK,GK,0,0,0,0,1,0,0,0,0,0,0,0,0,0,0
Alphonse Areola,195,94,3,30,0,0,0,0,0,0,1,0,0,0,0,0,0,1,0,0,0,0,0,0,0,0,0,0,0,GK,GK,0,0,0,0,1,0,0,0,0,0,0,0,0,0,0
Amad Diallo,173,67,4,4.3,1,1,2,1,0,0,1,0,0.5,0.5,1.1,1.6,11,10,31,0.23,0.23,0.46,0.23,0.46,0.12,0.24,0.36,0.12,0.36,RW,"RW, CAM",0,0,0,0,0,0,0,1,0,1,0,0,0,0,0
Amadou Onana,192,76,4,23.2,2,0,2,2,0,0,5,0,2,2,2.7,4.7,21,107,39,0.09,0,0.09,0.09,0.09,0.09,0.11,0.2,0.09,0.2,CDM,"CDM, CM",0,0,0,0,0,0,1,0,1,0,0,0,0,0,0
Amari'i Bell,180,76,3,19.1,0,0,0,0,0,0,0,0,0.3,0.3,0.5,0.7,32,76,10,0,0,0,0,0,0.01,0.02,0.04,0.01,0.04,LWB,"LWB, CB",0,1,0,0,0,0,0,0,0,0,0,0,1,1,0
Anass Zaroury,178,68,5,1.7,0,0,0,0,0,0,0,1,0.2,0.2,0,0.2,2,2,12,0,0,0,0,0,0.1,0.02,0.12,0.1,0.12,LM,"LM, ST",0,0,0,0,0,1,0,0,0,0,0,1,0,0,0
Andre Brooks,180,70,2,10.4,0,0,0,0,0,0,1,0,0.4,0.4,0.1,0.5,12,18,22,0,0,0,0,0,0.04,0.01,0.05,0.04,0.05,LW,"LW, ST",0,0,0,0,0,0,0,0,0,0,0,1,1,0,0
André Gomes,188,84,4,5.6,1,0,1,1,0,0,4,0,0.3,0.3,0.4,0.7,8,36,29,0.18,0,0.18,0.18,0.18,0.05,0.07,0.13,0.05,0.13,CDM,"CDM, CM",0,0,0,0,0,0,1,0,1,0,0,0,0,0,0
André Onana,190,93,3,38,0,0,0,0,0,0,5,0,0,0,0.1,0.1,1,5,0,0,0,0,0,0,0,0,0,0,0,GK,GK,0,0,0,0,1,0,0,0,0,0,0,0,0,0,0
Andreas Pereira,177,70,4,29,3,7,10,3,0,0,6,0,4.6,4.6,7.1,11.7,56,138,125,0.1,0.24,0.34,0.1,0.34,0.16,0.24,0.4,0.16,0.4,CAM,CAM,0,0,0,0,0,0,0,1,0,0,0,0,0,0,0
Andrew Omobamidele,190,78,3,8.7,0,0,0,0,0,0,2,0,0.1,0.1,0.1,0.2,1,8,0,0,0,0,0,0,0.02,0.01,0.03,0.02,0.03,CB,CB,0,1,0,0,0,0,0,0,0,0,0,0,0,0,0
Andrew Robertson,178,64,2,18.8,3,2,5,3,0,0,2,0,1.9,1.9,5.4,7.3,63,140,130,0.16,0.11,0.27,0.16,0.27,0.1,0.29,0.39,0.1,0.39,LB,LB,1,0,0,0,0,0,0,0,0,0,0,0,0,0,0
Andrey Santos,176,64,3,0.1,0,0,0,0,0,0,0,0,0.1,0.1,0,0.1,0,0,0,0,0,0,0,0,0.64,0,0.64,0.64,0.64,CM,"CM, CDM",0,0,0,0,0,0,1,0,1,0,0,0,0,0,0
Anel Ahmedhodžić,195,84,3,29.4,2,0,2,2,0,0,11,1,3.1,3.1,0.8,4,15,43,21,0.07,0,0.07,0.07,0.07,0.11,0.03,0.14,0.11,0.14,CB,CB,0,1,0,0,0,0,0,0,0,0,0,0,0,0,0
Angelo Ogbonna,191,86,3,7.1,0,0,0,0,0,0,1,0,0,0,0,0,2,4,0,0,0,0,0,0,0.01,0,0.01,0.01,0.01,CB,CB,0,1,0,0,0,0,0,0,0,0,0,0,0,0,0
Anis Ben Slimane,188,80,4,4.7,0,0,0,0,0,0,2,0,0.8,0.8,0.3,1.1,3,12,21,0,0,0,0,0,0.17,0.06,0.23,0.17,0.23,CM,"CM, CAM",0,0,0,0,0,0,1,1,0,0,0,0,0,0,0
Ansu Fati,178,66,4,5.8,2,0,2,2,0,0,2,0,3.4,3.4,0.8,4.2,16,28,50,0.35,0,0.35,0.35,0.35,0.59,0.14,0.73,0.59,0.73,LW,"LW, ST",0,0,0,0,0,0,0,0,0,0,0,1,1,0,0
Anthony Elanga,178,75,3,27,5,9,14,5,0,0,1,0,6.6,6.6,6.7,13.3,98,49,196,0.18,0.33,0.52,0.18,0.52,0.24,0.25,0.49,0.24,0.49,RW,"RW, ST, LW",0,0,0,0,0,0,0,0,0,1,0,1,1,0,0
Anthony Gordon,183,72,3,32.1,11,10,21,10,1,1,12,1,10.2,9.4,8,17.4,138,101,232,0.34,0.31,0.65,0.31,0.62,0.32,0.25,0.57,0.29,0.54,LW,"LW, RW, LM",0,0,0,0,0,1,0,0,0,1,0,0,1,0,0
Anthony Martial,184,76,4,5,1,0,1,1,0,0,0,0,1.2,1.2,0.2,1.5,6,12,36,0.2,0,0.2,0.2,0.2,0.25,0.05,0.29,0.25,0.29,ST,ST,0,0,0,0,0,0,0,0,0,0,0,1,0,0,0
Antoine Semenyo,180,70,4,23.4,8,2,10,8,0,0,6,0,4.6,4.6,3.2,7.8,89,64,188,0.34,0.09,0.43,0.34,0.43,0.2,0.14,0.34,0.2,0.34,ST,ST,0,0,0,0,0,0,0,0,0,0,0,1,0,0,0
Antonee Robinson,182,70,3,36.3,0,6,6,0,0,0,6,0,0.7,0.7,4.2,4.8,99,129,194,0,0.17,0.17,0,0.17,0.02,0.11,0.13,0.02,0.13,LB,"LB, LWB",1,0,0,0,0,0,0,0,0,0,0,0,1,1,0
Antony,172,63,2,14.7,1,1,2,1,0,0,5,0,3.4,3.4,2.8,6.1,53,64,149,0.07,0.07,0.14,0.07,0.14,0.23,0.19,0.42,0.23,0.42,RW,"RW, RM",0,0,0,0,0,0,0,0,0,1,1,0,0,0,0
Antwoine Hackford,177,68,3,0.1,0,0,0,0,0,0,0,0,0,0,0,0,0,0,0,0,0,0,0,0,0,0,0,0,0,ST,ST,0,0,0,0,0,0,0,0,0,0,0,1,0,0,0
Armando Broja,191,75,3,5,1,0,1,1,0,0,0,0,2.4,2.4,0.2,2.5,11,6,37,0.2,0,0.2,0.2,0.2,0.47,0.03,0.5,0.47,0.5,ST,ST,0,0,0,0,0,0,0,0,0,0,0,1,0,0,0
Armando Broja,191,75,3,1,0,1,1,0,0,0,0,0,0,0,0.4,0.4,2,2,7,0,1.02,1.02,0,1.02,0,0.41,0.41,0,0.41,ST,ST,0,0,0,0,0,0,0,0,0,0,0,1,0,0,0
Arnaut Danjuma,178,74,4,6.6,1,0,1,1,0,0,0,0,2.6,2.6,1.1,3.7,24,9,44,0.15,0,0.15,0.15,0.15,0.4,0.17,0.57,0.4,0.57,ST,"ST, LM",0,0,0,0,0,1,0,0,0,0,0,1,0,0,0
Ashley Young,175,65,3,25.3,0,0,0,0,0,0,7,1,0.6,0.6,1.5,2.1,40,82,61,0,0,0,0,0,0.02,0.06,0.08,0.02,0.08,LB,"LB, RB, LM",1,0,1,0,0,1,0,0,0,0,0,0,0,0,0
Auston Trusty,191,85,3,28.6,0,0,0,0,0,0,4,0,0.4,0.4,1.1,1.5,10,40,15,0,0,0,0,0,0.01,0.04,0.05,0.01,0.05,CB,"CB, LB",1,1,0,0,0,0,0,0,0,0,0,0,0,0,0
Axel Disasi,190,86,2,28.7,2,0,2,2,0,0,6,0,2.4,2.4,0.3,2.7,30,112,21,0.07,0,0.07,0.07,0.07,0.08,0.01,0.09,0.08,0.09,CB,CB,0,1,0,0,0,0,0,0,0,0,0,0,0,0,0
Bart Verbruggen,194,89,3,21,0,0,0,0,0,0,3,0,0,0,0,0,0,3,0,0,0,0,0,0,0,0,0,0,0,GK,GK,0,0,0,0,1,0,0,0,0,0,0,0,0,0,0
Ben Chilwell,180,77,3,8.4,0,1,1,0,0,0,5,0,1.2,1.2,2.2,3.4,22,25,59,0,0.12,0.12,0,0.12,0.14,0.26,0.41,0.14,0.41,LB,"LB, LWB",1,0,0,0,0,0,0,0,0,0,0,0,1,1,0
Ben Doak,176,64,3,0.2,0,0,0,0,0,0,0,0,0,0,0,0,0,0,0,0,0,0,0,0,0,0,0,0,0,RW,RW,0,0,0,0,0,0,0,0,0,1,0,0,0,0,0
Ben Godfrey,183,79,3,12.4,0,0,0,0,0,0,2,0,1.7,1.7,0.3,2,11,43,26,0,0,0,0,0,0.14,0.02,0.16,0.14,0.16,CB,"CB, LB, RB",1,1,1,0,0,0,0,0,0,0,0,0,0,0,0
Ben Mee,180,82,3,14.1,2,0,2,2,0,0,1,1,1.5,1.5,0.3,1.8,11,49,9,0.14,0,0.14,0.14,0.14,0.1,0.02,0.13,0.1,0.13,CB,CB,0,1,0,0,0,0,0,0,0,0,0,0,0,0,0
Ben Osborn,176,75,3,15.2,0,2,2,0,0,0,3,0,0.2,0.2,0.9,1.1,16,55,44,0,0.13,0.13,0,0.13,0.01,0.06,0.07,0.01,0.07,LWB,"LWB, LM, CM",0,0,0,0,0,1,1,0,0,0,0,0,1,1,0
Ben Parkinson,183,66,3,0.3,0,0,0,0,0,0,0,0,0,0,0,0,0,0,0,0,0,0,0,0,0,0,0,0,0,RW,"RW, ST",0,0,0,0,0,0,0,0,0,1,0,1,0,0,0
Benoît Badiashile,194,75,3,14.9,0,1,1,0,0,0,3,0,0.3,0.3,1.5,1.8,3,46,3,0,0.07,0.07,0,0.07,0.02,0.1,0.12,0.02,0.12,CB,CB,0,1,0,0,0,0,0,0,0,0,0,0,0,0,0
Benson Manuel,166,70,4,1.3,0,0,0,0,0,0,0,0,0.1,0.1,0,0.1,5,2,14,0,0,0,0,0,0.05,0.03,0.08,0.05,0.08,RM,"RM, RW",0,0,0,0,0,0,0,0,0,1,1,0,0,0,0
Bernardo Silva,173,64,3,28.6,6,9,15,6,0,0,8,0,3.7,3.7,7.6,11.3,140,177,260,0.21,0.31,0.52,0.21,0.52,0.13,0.27,0.4,0.13,0.4,CM,"CM, RW",0,0,0,0,0,0,1,0,0,1,0,0,0,0,0
Bernd Leno,189,83,3,38,0,0,0,0,0,0,3,0,0,0,0,0,0,0,0,0,0,0,0,0,0,0,0,0,0,GK,GK,0,0,0,0,1,0,0,0,0,0,0,0,0,0,0
Bertrand Traoré,181,73,1,0.1,0,0,0,0,0,0,0,0,0,0,0,0,0,0,0,0,0,0,0,0,0,0,0,0,0,RM,"RM, RW",0,0,0,0,0,0,0,0,0,1,1,0,0,0,0
Beto,194,88,3,10.6,3,0,3,3,0,1,2,0,6.8,6,0.9,6.9,14,14,58,0.28,0,0.28,0.28,0.28,0.64,0.09,0.73,0.57,0.66,ST,ST,0,0,0,0,0,0,0,0,0,0,0,1,0,0,0
Billy Gilmour,170,66,3,23.6,0,1,1,0,0,0,8,1,1,1,2,3,39,193,33,0,0.04,0.04,0,0.04,0.04,0.09,0.13,0.04,0.13,CDM,"CDM, CM",0,0,0,0,0,0,1,0,1,0,0,0,0,0,0
Bobby Clark,178,67,3,1,0,0,0,0,0,0,0,0,0.1,0.1,0,0.1,3,3,7,0,0,0,0,0,0.14,0,0.14,0.14,0.14,CM,"CM, LW",0,0,0,0,0,0,1,0,0,0,0,0,1,0,0
Boubacar Kamara,184,68,3,18.4,0,1,1,0,0,0,7,1,0.1,0.1,1.3,1.4,19,83,10,0,0.05,0.05,0,0.05,0.01,0.07,0.08,0.01,0.08,CDM,"CDM, CM",0,0,0,0,0,0,1,0,1,0,0,0,0,0,0
Boubacar Traoré,183,67,2,9.1,0,0,0,0,0,0,4,0,0.3,0.3,0.4,0.7,9,29,15,0,0,0,0,0,0.03,0.04,0.07,0.03,0.07,CDM,"CDM, CM",0,0,0,0,0,0,1,0,1,0,0,0,0,0,0
Brennan Johnson,179,71,4,23.2,5,10,15,5,0,0,3,0,10.3,10.3,8.1,18.3,97,72,293,0.22,0.43,0.65,0.22,0.65,0.44,0.35,0.79,0.44,0.79,RW,"RW, ST",0,0,0,0,0,0,0,0,0,1,0,1,0,0,0
Brennan Johnson,179,71,4,2.6,0,0,0,0,0,0,0,0,0.3,0.3,0.2,0.5,8,1,14,0,0,0,0,0,0.12,0.08,0.21,0.12,0.21,RW,"RW, ST",0,0,0,0,0,0,0,0,0,1,0,1,0,0,0
Bruno Fernandes,179,69,3,34.6,10,8,18,6,4,5,9,0,10,6.1,11.8,17.8,86,297,182,0.29,0.23,0.52,0.17,0.4,0.29,0.34,0.63,0.18,0.51,CAM,"CAM, CM",0,0,0,0,0,0,1,1,0,0,0,0,0,0,0
Bruno Guimarães,182,74,2,36.3,7,8,15,7,0,0,9,0,4.8,4.8,6.4,11.2,65,283,73,0.19,0.22,0.41,0.19,0.41,0.13,0.18,0.31,0.13,0.31,CM,"CM, CDM",0,0,0,0,0,0,1,0,1,0,0,0,0,0,0
Bryan Gil,175,65,3,2.3,0,0,0,0,0,0,0,0,0.8,0.8,0.2,1,11,16,49,0,0,0,0,0,0.32,0.09,0.41,0.32,0.41,LW,"LW, LM",0,0,0,0,0,1,0,0,0,0,0,0,1,0,0
Bryan Mbeumo,171,75,2,21.8,9,6,15,6,3,3,2,0,9.8,7.4,4.6,12.1,74,88,195,0.41,0.28,0.69,0.28,0.55,0.45,0.21,0.66,0.34,0.55,RW,"RW, ST",0,0,0,0,0,0,0,0,0,1,0,1,0,0,0
Bukayo Saka,178,65,3,32.4,16,9,25,10,6,6,4,0,15.5,10.8,10.5,21.2,155,126,508,0.49,0.28,0.77,0.31,0.59,0.48,0.32,0.8,0.33,0.65,RW,"RW, RM",0,0,0,0,0,0,0,0,0,1,1,0,0,0,0
Callum Hudson-Odoi,182,76,3,20.6,8,1,9,8,0,0,0,0,2.7,2.7,2.8,5.5,111,58,171,0.39,0.05,0.44,0.39,0.44,0.13,0.14,0.27,0.13,0.27,LW,"LW, RW",0,0,0,0,0,0,0,0,0,1,0,0,1,0,0
Callum Wilson,180,66,3,11,9,1,10,7,2,2,3,0,8.8,7.2,0.6,7.8,11,9,77,0.82,0.09,0.91,0.64,0.73,0.8,0.05,0.85,0.65,0.71,ST,ST,0,0,0,0,0,0,0,0,0,0,0,1,0,0,0
Calum Chambers,182,77,3,1.7,0,1,1,0,0,0,1,0,0,0,0.1,0.1,0,5,1,0,0.59,0.59,0,0.59,0,0.06,0.06,0,0.06,CB,"CB, RB, CDM",0,1,1,0,0,0,0,0,1,0,0,0,0,0,0
Calvin Bassey,185,76,3,25.6,1,0,1,1,0,0,6,1,0.3,0.3,0,0.4,15,62,4,0.04,0,0.04,0.04,0.04,0.01,0,0.01,0.01,0.01,CB,"CB, LB",1,1,0,0,0,0,0,0,0,0,0,0,0,0,0
Cameron Archer,176,72,4,20.4,4,1,5,4,0,0,1,0,5.5,5.5,2.8,8.3,33,15,113,0.2,0.05,0.25,0.2,0.25,0.27,0.14,0.41,0.27,0.41,ST,ST,0,0,0,0,0,0,0,0,0,0,0,1,0,0,0
Cameron Archer,176,72,4,0.1,0,0,0,0,0,0,1,0,0,0,0,0,1,0,0,0,0,0,0,0,0,0,0,0,0,ST,ST,0,0,0,0,0,0,0,0,0,0,0,1,0,0,0
Carlos Baleba,179,75,2,14.7,0,0,0,0,0,0,7,0,0.8,0.8,0.3,1.1,19,50,9,0,0,0,0,0,0.06,0.02,0.08,0.06,0.08,CM,CM,0,0,0,0,0,0,1,0,0,0,0,0,0,0,0
Carlos Vinícius,190,83,3,3.5,2,0,2,2,0,0,2,0,1.6,1.6,0.8,2.4,3,3,13,0.57,0,0.57,0.57,0.57,0.46,0.23,0.69,0.46,0.69,ST,ST,0,0,0,0,0,0,0,0,0,0,0,1,0,0,0
Carlton Morris,185,85,4,31.8,11,4,15,6,5,5,4,0,11.4,7.5,2.8,10.2,37,56,120,0.35,0.13,0.47,0.19,0.31,0.36,0.09,0.45,0.23,0.32,ST,ST,0,0,0,0,0,0,0,0,0,0,0,1,0,0,0
Carney Chukwuemeka,187,70,4,2.5,1,1,2,1,0,0,2,0,0.2,0.2,0.3,0.5,4,12,19,0.4,0.4,0.79,0.4,0.79,0.06,0.13,0.19,0.06,0.19,CM,"CM, CAM, LW",0,0,0,0,0,0,1,1,0,0,0,0,1,0,0
Casemiro,185,84,3,22,1,2,3,1,0,0,7,0,3.5,3.5,1,4.5,12,112,36,0.05,0.09,0.14,0.05,0.14,0.16,0.05,0.2,0.16,0.2,CDM,CDM,0,0,0,0,0,0,0,0,1,0,0,0,0,0,0
Cauley Woodrow,184,74,4,4.7,1,1,2,1,0,0,2,0,1.4,1.4,1.2,2.6,7,6,22,0.21,0.21,0.42,0.21,0.42,0.3,0.25,0.55,0.3,0.55,ST,"ST, LW",0,0,0,0,0,0,0,0,0,0,0,1,1,0,0
Cédric Soares,172,67,4,0.7,0,0,0,0,0,0,0,0,0,0,0,0,0,3,6,0,0,0,0,0,0,0,0,0,0,RB,RB,0,0,1,0,0,0,0,0,0,0,0,0,0,0,0
Charlie Taylor,185,70,2,25.9,1,1,2,1,0,0,8,0,0.2,0.2,1.2,1.5,36,82,81,0.04,0.04,0.08,0.04,0.08,0.01,0.05,0.06,0.01,0.06,CB,"CB, LB",1,1,0,0,0,0,0,0,0,0,0,0,0,0,0
Cheick Doucouré,180,73,3,10.2,0,0,0,0,0,0,2,0,0.3,0.3,0.7,1,9,49,5,0,0,0,0,0,0.03,0.07,0.1,0.03,0.1,CDM,"CDM, CM",0,0,0,0,0,0,1,0,1,0,0,0,0,0,0
Cheikhou Kouyaté,189,83,3,2.4,0,0,0,0,0,0,2,0,0.3,0.3,0,0.3,0,5,5,0,0,0,0,0,0.12,0.02,0.14,0.12,0.14,CDM,"CDM, CM, CB",0,1,0,0,0,0,1,0,1,0,0,0,0,0,0
Chiedozie Ogbene,181,75,4,22.2,4,1,5,4,0,0,1,0,4.2,4.2,3.1,7.4,127,53,150,0.18,0.05,0.23,0.18,0.23,0.19,0.14,0.33,0.19,0.33,CF,"CF, RWB",0,0,0,1,0,0,0,0,0,1,0,0,0,0,1
Chris Basham,190,80,2,3.6,0,0,0,0,0,0,1,0,0.1,0.1,0.3,0.4,1,7,6,0,0,0,0,0,0.04,0.07,0.1,0.04,0.1,CB,CB,0,1,0,0,0,0,0,0,0,0,0,0,0,0,0
Christian Eriksen,181,76,5,12.7,1,2,3,1,0,0,1,0,1,1,2.3,3.3,20,68,23,0.08,0.16,0.24,0.08,0.24,0.08,0.18,0.26,0.08,0.26,CM,"CM, CDM",0,0,0,0,0,0,1,0,1,0,0,0,0,0,0
Christian Nørgaard,187,77,3,27.8,2,1,3,2,0,0,8,0,3.5,3.5,1.9,5.4,15,161,42,0.07,0.04,0.11,0.07,0.11,0.12,0.07,0.19,0.12,0.19,CDM,CDM,0,0,0,0,0,0,0,0,1,0,0,0,0,0,0
Christopher Nkunku,175,73,3,4.9,3,0,3,3,0,0,0,0,2.3,2.3,0.2,2.5,10,19,35,0.61,0,0.61,0.61,0.61,0.47,0.05,0.52,0.47,0.52,CF,"CF, CAM, ST",0,0,0,0,0,0,0,1,0,0,0,1,0,0,1
Clément Lenglet,186,81,4,12.8,0,1,1,0,0,0,3,0,0.9,0.9,0.8,1.6,26,51,1,0,0.08,0.08,0,0.08,0.07,0.06,0.13,0.07,0.13,CB,CB,0,1,0,0,0,0,0,0,0,0,0,0,0,0,0
Cody Gakpo,189,76,4,18.3,8,5,13,8,0,0,1,0,9,9,2.9,11.8,43,83,130,0.44,0.27,0.71,0.44,0.71,0.49,0.16,0.64,0.49,0.64,CF,"CF, LW",0,0,0,0,0,0,0,0,0,0,0,0,1,0,1
Cole Palmer,189,74,3,0.1,0,0,0,0,0,0,0,0,0,0,0,0,0,0,0,0,0,0,0,0,0,0,0,0,0,RW,"RW, CAM",0,0,0,0,0,0,0,1,0,1,0,0,0,0,0
Cole Palmer,189,74,3,29,22,11,33,13,9,9,7,0,18.2,11.1,11.1,22.2,117,197,195,0.76,0.38,1.14,0.45,0.83,0.63,0.38,1.01,0.38,0.77,RW,"RW, CAM",0,0,0,0,0,0,0,1,0,1,0,0,0,0,0
Connor Roberts,175,76,4,9.1,0,1,1,0,0,0,5,1,0,0,0.2,0.2,6,38,13,0,0.11,0.11,0,0.11,0,0.02,0.02,0,0.02,RB,"RB, RWB",0,0,1,1,0,0,0,0,0,1,0,0,0,0,0
Conor Bradley,181,71,3,8.4,1,3,4,1,0,0,2,0,0.9,0.9,1.5,2.3,35,29,64,0.12,0.36,0.48,0.12,0.48,0.1,0.17,0.28,0.1,0.28,RB,"RB, RWB",0,0,1,1,0,0,0,0,0,1,0,0,0,0,0
Conor Gallagher,182,74,2,34.8,5,7,12,5,0,0,9,1,4.2,4.2,5,9.2,62,172,122,0.14,0.2,0.35,0.14,0.35,0.12,0.15,0.27,0.12,0.27,CM,"CM, CDM",0,0,0,0,0,0,1,0,1,0,0,0,0,0,0
Craig Dawson,188,77,2,24.5,1,1,2,1,0,0,7,0,1.5,1.5,1.4,2.9,1,49,4,0.04,0.04,0.08,0.04,0.08,0.06,0.06,0.12,0.06,0.12,CB,CB,0,1,0,0,0,0,0,0,0,0,0,0,0,0,0
Cristian Romero,185,79,2,31,5,0,5,5,0,0,7,1,3.5,3.5,0.4,3.9,32,179,8,0.16,0,0.16,0.16,0.16,0.11,0.01,0.13,0.11,0.13,CB,CB,0,1,0,0,0,0,0,0,0,0,0,0,0,0,0
Curtis Jones,185,74,4,13,1,1,2,1,0,0,3,1,2.6,2.6,0.7,3.3,31,74,88,0.08,0.08,0.15,0.08,0.15,0.2,0.05,0.25,0.2,0.25,CM,CM,0,0,0,0,0,0,1,0,0,0,0,0,0,0,0
Dan Burn,198,87,3,30.3,2,2,4,2,0,0,4,0,3.1,3.1,1.1,4.2,14,75,25,0.07,0.07,0.13,0.07,0.13,0.1,0.04,0.14,0.1,0.14,CB,"CB, LB",1,1,0,0,0,0,0,0,0,0,0,0,0,0,0
Dango Ouattara,177,71,5,13.7,1,2,3,1,0,0,3,0,2.6,2.6,1.5,4.1,47,35,90,0.07,0.15,0.22,0.07,0.22,0.19,0.11,0.3,0.19,0.3,RM,"RM, LM",0,0,0,0,0,1,0,0,0,0,1,0,0,0,0
Daniel Bentley,188,73,3,4.3,0,0,0,0,0,0,0,0,0,0,0,0,0,0,0,0,0,0,0,0,0,0,0,0,0,GK,GK,0,0,0,0,1,0,0,0,0,0,0,0,0,0,0
Daniel Gore,173,65,3,0,0,0,0,0,0,0,0,0,0,0,0,0,0,0,0,0,0,0,0,0,0,0,0,0,0,CM,"CM, CAM",0,0,0,0,0,0,1,1,0,0,0,0,0,0,0
Daniel Jebbison,190,78,2,0.2,0,0,0,0,0,0,0,0,0,0,0,0,0,0,1,0,0,0,0,0,0,0,0,0,0,ST,ST,0,0,0,0,0,0,0,0,0,0,0,1,0,0,0
Danilo,176,69,3,19.9,2,2,4,2,0,0,4,0,1.8,1.8,1.5,3.4,22,83,28,0.1,0.1,0.2,0.1,0.2,0.09,0.08,0.17,0.09,0.17,CDM,"CDM, CM",0,0,0,0,0,0,1,0,1,0,0,0,0,0,0
Dara O'Shea,188,74,3,32.1,3,4,7,3,0,0,5,1,0.7,0.7,2,2.7,32,122,10,0.09,0.12,0.22,0.09,0.22,0.02,0.06,0.08,0.02,0.08,CB,"CB, RB",0,1,1,0,0,0,0,0,0,0,0,0,0,0,0
Darwin Núñez,187,80,3,22.7,11,8,19,11,0,1,9,0,16.3,15.5,6,21.5,58,54,206,0.48,0.35,0.84,0.48,0.84,0.72,0.27,0.98,0.68,0.95,ST,"ST, LW",0,0,0,0,0,0,0,0,0,0,0,1,1,0,0
David Brooks,180,62,3,3.1,1,1,2,1,0,0,1,0,2.2,2.2,1,3.2,8,21,27,0.32,0.32,0.64,0.32,0.64,0.7,0.33,1.03,0.7,1.03,RM,"RM, RW",0,0,0,0,0,0,0,0,0,1,1,0,0,0,0
David Ozoh,189,68,3,1.7,0,0,0,0,0,0,1,0,0,0,0,0,2,4,3,0,0,0,0,0,0,0,0,0,0,CDM,"CDM, CM",0,0,0,0,0,0,1,0,1,0,0,0,0,0,0
David Raya,183,75,3,32,0,0,0,0,0,0,2,0,0,0,0,0,0,2,0,0,0,0,0,0,0,0,0,0,0,GK,GK,0,0,0,0,1,0,0,0,0,0,0,0,0,0,0
Dean Henderson,188,85,3,18,0,0,0,0,0,0,2,0,0,0,0,0,0,0,0,0,0,0,0,0,0,0,0,0,0,GK,GK,0,0,0,0,1,0,0,0,0,0,0,0,0,0,0
Declan Rice,185,80,3,35.8,7,8,15,7,0,0,5,0,3.3,3.3,5.3,8.6,75,278,64,0.2,0.22,0.42,0.2,0.42,0.09,0.15,0.24,0.09,0.24,CDM,"CDM, CM",0,0,0,0,0,0,1,0,1,0,0,0,0,0,0
Deivid Washington,187,74,3,0.1,0,0,0,0,0,0,0,0,0.5,0.5,0,0.5,0,0,1,0,0,0,0,0,3.23,0,3.23,3.23,3.23,ST,"ST, LW",0,0,0,0,0,0,0,0,0,0,0,1,1,0,0
Dejan Kulusevski,186,75,3,30.7,8,3,11,8,0,0,7,0,4.7,4.7,7.7,12.4,151,144,388,0.26,0.1,0.36,0.26,0.36,0.15,0.25,0.4,0.15,0.4,RW,RW,0,0,0,0,0,0,0,0,0,1,0,0,0,0,0
Destiny Udogie,186,73,3,26.6,2,3,5,2,0,0,7,1,2.4,2.4,2.2,4.6,83,155,138,0.08,0.11,0.19,0.08,0.19,0.09,0.08,0.17,0.09,0.17,LB,"LB, LM",1,0,0,0,0,1,0,0,0,0,0,0,0,0,0
Diego Carlos,186,79,4,20.2,0,0,0,0,0,0,4,0,1.9,1.9,0.1,2,4,59,1,0,0,0,0,0,0.1,0,0.1,0.1,0.1,CB,CB,0,1,0,0,0,0,0,0,0,0,0,0,0,0,0
Diogo Dalot,184,76,4,35.3,2,3,5,2,0,0,6,1,1.7,1.7,2.9,4.6,52,124,111,0.06,0.09,0.14,0.06,0.14,0.05,0.08,0.13,0.05,0.13,RB,RB,0,0,1,0,0,0,0,0,0,0,0,0,0,0,0
Diogo Jota,178,68,5,12.7,10,3,13,10,0,0,3,1,5.3,5.3,3.3,8.6,54,34,111,0.79,0.24,1.02,0.79,1.02,0.42,0.26,0.68,0.42,0.68,CF,"CF, LW",0,0,0,0,0,0,0,0,0,0,0,0,1,0,1
Divin Mubama,183,70,3,0.9,0,0,0,0,0,0,0,0,0.1,0.1,0,0.1,0,0,5,0,0,0,0,0,0.17,0,0.17,0.17,0.17,ST,ST,0,0,0,0,0,0,0,0,0,0,0,1,0,0,0
Divock Origi,189,88,4,6.7,0,1,1,0,0,0,1,0,1.4,1.4,2.1,3.5,19,14,41,0,0.15,0.15,0,0.15,0.21,0.31,0.51,0.21,0.51,ST,"ST, LW",0,0,0,0,0,0,0,0,0,0,0,1,1,0,0
Dominic Calvert-Lewin,187,71,3,24.1,7,2,9,5,2,2,2,0,12.9,11.4,3.1,14.5,36,31,122,0.29,0.08,0.37,0.21,0.29,0.54,0.13,0.66,0.47,0.6,ST,ST,0,0,0,0,0,0,0,0,0,0,0,1,0,0,0
Dominic Sadi,174,65,4,0,0,0,0,0,0,0,0,0,0,0,0,0,0,0,0,0,0,0,0,0,0,0,0,0,0,RM,"RM, LM",0,0,0,0,0,1,0,0,0,0,1,0,0,0,0
Dominic Solanke,187,80,3,36.9,19,3,22,17,2,3,3,0,19.6,17.2,3,20.3,52,60,184,0.51,0.08,0.6,0.46,0.54,0.53,0.08,0.61,0.47,0.55,ST,ST,0,0,0,0,0,0,0,0,0,0,0,1,0,0,0
Dominik Szoboszlai,186,74,4,23.4,3,2,5,3,0,0,1,0,3.7,3.7,5.8,9.5,75,152,160,0.13,0.09,0.21,0.13,0.21,0.16,0.25,0.4,0.16,0.4,CAM,CAM,0,0,0,0,0,0,0,1,0,0,0,0,0,0,0
Donny van de Beek,184,74,3,0,0,0,0,0,0,0,0,0,0,0,0.1,0.2,0,0,1,0,0,0,0,0,1.09,4.44,5.54,1.09,5.54,CM,"CM, CAM, CDM",0,0,0,0,0,0,1,1,1,0,0,0,0,0,0
Đorđe Petrović,194,88,2,22.1,0,0,0,0,0,0,2,0,0,0,0,0,0,1,0,0,0,0,0,0,0,0,0,0,0,GK,GK,0,0,0,0,1,0,0,0,0,0,0,0,0,0,0
Douglas Luiz,175,66,2,33.3,9,5,14,5,4,4,12,0,6.9,3.8,5.4,9.2,60,168,50,0.27,0.15,0.42,0.15,0.3,0.21,0.16,0.37,0.11,0.28,CDM,"CDM, CM",0,0,0,0,0,0,1,0,1,0,0,0,0,0,0
Dwight McNeil,183,70,2,32.1,3,6,9,3,0,0,2,0,3.4,3.4,8.8,12.2,80,114,147,0.09,0.19,0.28,0.09,0.28,0.11,0.27,0.38,0.11,0.38,LM,"LM, RM",0,0,0,0,0,1,0,0,0,0,1,0,0,0,0
Eberechi Eze,178,67,3,22.8,11,4,15,10,1,1,3,0,9.1,8.3,5.2,13.5,68,93,139,0.48,0.18,0.66,0.44,0.61,0.4,0.23,0.62,0.36,0.59,CAM,"CAM, CM, LW",0,0,0,0,0,0,1,1,0,0,0,0,1,0,0
Ederson,188,86,3,30.9,0,0,0,0,0,0,5,0,0,0,0.1,0.1,0,4,0,0,0,0,0,0,0,0,0,0,0,GK,GK,0,0,0,0,1,0,0,0,0,0,0,0,0,0,0
Edson Álvarez,187,73,3,26.4,1,1,2,1,0,0,11,0,1.3,1.3,0.6,1.9,20,91,26,0.04,0.04,0.08,0.04,0.08,0.05,0.02,0.07,0.05,0.07,CDM,"CDM, CB",0,1,0,0,0,0,0,0,1,0,0,0,0,0,0
Elijah Adebayo,193,89,3,15.8,10,0,10,10,0,0,1,0,5.9,5.9,0.7,6.6,16,23,110,0.63,0,0.63,0.63,0.63,0.37,0.04,0.42,0.37,0.42,ST,ST,0,0,0,0,0,0,0,0,0,0,0,1,0,0,0
Emerson,176,79,2,12.9,1,0,1,1,0,0,4,0,0.2,0.2,0.4,0.6,21,57,35,0.08,0,0.08,0.08,0.08,0.02,0.03,0.05,0.02,0.05,LB,LB,1,0,0,0,0,0,0,0,0,0,0,0,0,0,0
Emerson Palmieri,176,79,2,34.9,1,2,3,1,0,0,10,0,1.5,1.5,2.4,3.9,59,125,124,0.03,0.06,0.09,0.03,0.09,0.04,0.07,0.11,0.04,0.11,LB,LB,1,0,0,0,0,0,0,0,0,0,0,0,0,0,0
Emil Krafth,184,83,3,10.1,0,0,0,0,0,0,2,0,0.2,0.2,1,1.2,12,29,33,0,0,0,0,0,0.02,0.1,0.12,0.02,0.12,RB,"RB, CB",0,1,1,0,0,0,0,0,0,0,0,0,0,0,0
Emile Smith Rowe,182,72,4,3.9,0,1,1,0,0,0,0,0,2,2,0.2,2.2,11,23,18,0,0.25,0.25,0,0.25,0.5,0.06,0.56,0.5,0.56,LW,"LW, CAM",0,0,0,0,0,0,0,1,0,0,0,0,1,0,0
Emiliano Martínez,195,88,4,33.5,0,0,0,0,0,0,4,0,0,0,0,0,0,2,0,0,0,0,0,0,0,0,0,0,0,GK,GK,0,0,0,0,1,0,0,0,0,0,0,0,0,0,0
Enso Gonzalez,169,69,2,0,0,0,0,0,0,0,0,0,0,0,0,0,0,0,2,0,0,0,0,0,0,0,0,0,0,RM,"RM, RW",0,0,0,0,0,0,0,0,0,1,1,0,0,0,0
Enzo Fernández,178,76,4,24.5,3,2,5,2,1,2,7,0,6.2,4.6,3.4,8,52,210,54,0.12,0.08,0.2,0.08,0.16,0.25,0.14,0.39,0.19,0.33,CM,"CM, CDM",0,0,0,0,0,0,1,0,1,0,0,0,0,0,0
Eric Dier,188,90,2,2.2,0,0,0,0,0,0,0,0,0,0,0,0,0,3,0,0,0,0,0,0,0,0,0,0,0,CB,CB,0,1,0,0,0,0,0,0,0,0,0,0,0,0,0
Erling Haaland,195,94,3,28.4,27,5,32,20,7,8,1,0,29.2,22.9,4.3,27.2,35,26,126,0.95,0.18,1.13,0.71,0.88,1.03,0.15,1.18,0.81,0.96,ST,ST,0,0,0,0,0,0,0,0,0,0,0,1,0,0,0
Ethan Pinnock,194,79,3,28,2,0,2,2,0,0,1,0,2,2,1,3,11,61,16,0.07,0,0.07,0.07,0.07,0.07,0.04,0.11,0.07,0.11,CB,CB,0,1,0,0,0,0,0,0,0,0,0,0,0,0,0
Evan Ferguson,188,75,3,15.2,6,0,6,6,0,0,1,0,4.6,4.6,0.5,5.1,13,15,62,0.4,0,0.4,0.4,0.4,0.3,0.04,0.34,0.3,0.34,ST,ST,0,0,0,0,0,0,0,0,0,0,0,1,0,0,0
Ezri Konsa,183,77,3,34.1,1,0,1,1,0,0,5,0,2.5,2.5,0.5,3,37,136,33,0.03,0,0.03,0.03,0.03,0.07,0.02,0.09,0.07,0.09,CB,CB,0,1,0,0,0,0,0,0,0,0,0,0,0,0,0
Fabian Schär,188,84,3,33.9,4,1,5,4,0,0,5,0,2.5,2.5,0.7,3.3,28,133,20,0.12,0.03,0.15,0.12,0.15,0.07,0.02,0.1,0.07,0.1,CB,CB,0,1,0,0,0,0,0,0,0,0,0,0,0,0,0
Fábio Silva,185,75,3,2.9,0,0,0,0,0,0,2,0,1,1,0.2,1.2,5,10,13,0,0,0,0,0,0.35,0.07,0.42,0.35,0.42,ST,ST,0,0,0,0,0,0,0,0,0,0,0,1,0,0,0
Facundo Buonanotte,174,66,3,15.2,3,1,4,3,0,0,7,0,2.4,2.4,1.8,4.2,23,42,69,0.2,0.07,0.26,0.2,0.26,0.16,0.12,0.28,0.16,0.28,RM,"RM, CAM",0,0,0,0,0,0,0,1,0,0,1,0,0,0,0
Facundo Pellistri,175,65,3,1.9,0,1,1,0,0,0,0,0,0.7,0.7,0.1,0.8,6,6,31,0,0.52,0.52,0,0.52,0.38,0.05,0.43,0.38,0.43,RW,"RW, LW",0,0,0,0,0,0,0,0,0,1,0,0,1,0,0
Felipe,190,84,3,4.2,0,0,0,0,0,0,4,0,0.1,0.1,0.1,0.2,1,6,0,0,0,0,0,0,0.03,0.01,0.04,0.03,0.04,CB,CB,0,1,0,0,0,0,0,0,0,0,0,0,0,0,0
Fodé Ballo-Touré,182,70,2,0.8,0,0,0,0,0,0,1,0,0,0,0,0,5,0,4,0,0,0,0,0,0,0,0,0,0,LB,"LB, LM",1,0,0,0,0,1,0,0,0,0,0,0,0,0,0
Frank Onyeka,183,70,3,12.9,1,2,3,1,0,0,8,0,2.2,2.2,1.8,4,17,33,39,0.08,0.16,0.23,0.08,0.23,0.17,0.14,0.31,0.17,0.31,CDM,"CDM, CM",0,0,0,0,0,0,1,0,1,0,0,0,0,0,0
Gabriel Jesus,175,73,3,16.4,4,5,9,4,0,0,6,0,6.3,6.3,3.8,10.1,38,42,155,0.24,0.3,0.55,0.24,0.55,0.39,0.23,0.62,0.39,0.62,ST,"ST, RW",0,0,0,0,0,0,0,0,0,1,0,1,0,0,0
Gabriel Magalhães,190,87,2,33.8,4,0,4,4,0,0,4,0,4.3,4.3,0.7,5,13,117,8,0.12,0,0.12,0.12,0.12,0.13,0.02,0.15,0.13,0.15,CB,CB,0,1,0,0,0,0,0,0,0,0,0,0,0,0,0
Gabriel Martinelli,178,75,3,22.4,6,4,10,6,0,0,1,0,6.8,6.8,6.1,12.9,127,65,345,0.27,0.18,0.45,0.27,0.45,0.31,0.27,0.58,0.31,0.58,LW,"LW, LM",0,0,0,0,0,1,0,0,0,0,0,0,1,0,0
Gabriel Osho,185,70,3,20.5,2,0,2,2,0,0,3,0,1.1,1.1,0.1,1.2,10,37,4,0.1,0,0.1,0.1,0.1,0.05,0.01,0.06,0.05,0.06,CB,CB,0,1,0,0,0,0,0,0,0,0,0,0,0,0,0
George Baldock,175,67,3,10.8,0,1,1,0,0,0,4,0,0,0,0.8,0.8,9,31,24,0,0.09,0.09,0,0.09,0,0.07,0.08,0,0.08,RWB,"RWB, RB",0,0,1,1,0,0,0,0,0,1,0,0,0,0,0
George Earthy,177,72,3,0.4,1,0,1,1,0,0,0,0,0.3,0.3,0,0.3,0,1,3,2.65,0,2.65,2.65,2.65,0.82,0,0.82,0.82,0.82,CAM,CAM,0,0,0,0,0,0,0,1,0,0,0,0,0,0,0
Giovani Lo Celso,177,68,3,5.6,2,2,4,2,0,0,2,0,0.6,0.6,1.9,2.5,25,68,29,0.36,0.36,0.71,0.36,0.71,0.1,0.34,0.45,0.1,0.45,CAM,"CAM, ST",0,0,0,0,0,0,0,1,0,0,0,1,0,0,0
Gonzalo Montiel,175,70,3,8.9,0,2,2,0,0,0,5,0,0.1,0.1,1.4,1.5,10,28,32,0,0.22,0.22,0,0.22,0.01,0.15,0.17,0.01,0.17,RB,"RB, RWB",0,0,1,1,0,0,0,0,0,1,0,0,0,0,0
Guglielmo Vicario,188,76,1,38,0,0,0,0,0,0,2,0,0,0,0,0,0,3,0,0,0,0,0,0,0,0,0,0,0,GK,GK,0,0,0,0,1,0,0,0,0,0,0,0,0,0,0
Gustavo Hamer,169,61,3,32.3,4,6,10,4,0,0,9,0,3,3,6.1,9.1,36,135,86,0.12,0.19,0.31,0.12,0.31,0.09,0.19,0.28,0.09,0.28,CM,"CM, CDM, CAM",0,0,0,0,0,0,1,1,1,0,0,0,0,0,0
Hamed Junior Traorè,177,77,3,0.5,0,0,0,0,0,0,0,0,0.2,0.2,0,0.2,2,3,4,0,0,0,0,0,0.34,0.07,0.41,0.34,0.41,LM,"LM, LW, CAM",0,0,0,0,0,1,0,1,0,0,0,0,1,0,0
Han-Noah Massengo,175,70,3,0.2,0,0,0,0,0,0,0,0,0,0,0,0,2,0,0,0,0,0,0,0,0,0,0,0,0,CDM,"CDM, CM",0,0,0,0,0,0,1,0,1,0,0,0,0,0,0
Hannes Delcroix,183,78,2,6.5,0,0,0,0,0,0,2,0,0.4,0.4,0.2,0.6,2,18,6,0,0,0,0,0,0.05,0.03,0.09,0.05,0.09,CB,"CB, LB",1,1,0,0,0,0,0,0,0,0,0,0,0,0,0
Hannibal Mejbri,182,70,3,1.5,1,0,1,1,0,0,1,0,0,0,0.4,0.4,2,6,10,0.68,0,0.68,0.68,0.68,0.02,0.25,0.27,0.02,0.27,CM,"CM, CAM",0,0,0,0,0,0,1,1,0,0,0,0,0,0,0
Harrison Reed,175,72,3,14.7,0,2,2,0,0,0,6,0,0.3,0.3,1.1,1.4,10,56,40,0,0.14,0.14,0,0.14,0.02,0.07,0.09,0.02,0.09,CDM,"CDM, CM",0,0,0,0,0,0,1,0,1,0,0,0,0,0,0
Harry Maguire,193,100,3,18.4,2,2,4,2,0,0,4,0,2,2,1.2,3.3,20,73,2,0.11,0.11,0.22,0.11,0.22,0.11,0.07,0.18,0.11,0.18,CB,CB,0,1,0,0,0,0,0,0,0,0,0,0,0,0,0
Harry Toffolo,183,71,2,16.2,1,3,4,1,0,0,3,0,1.6,1.6,1.5,3.2,10,42,34,0.06,0.19,0.25,0.06,0.25,0.1,0.1,0.2,0.1,0.2,LB,"LB, LWB",1,0,0,0,0,0,0,0,0,0,0,0,1,1,0
Harry Wilson,173,70,2,18,4,6,10,4,0,0,6,0,3.4,3.4,3.5,6.8,41,60,130,0.22,0.33,0.56,0.22,0.56,0.19,0.19,0.38,0.19,0.38,RM,"RM, RW",0,0,0,0,0,0,0,0,0,1,1,0,0,0,0
Harvey Barnes,185,72,4,8.9,5,3,8,5,0,0,2,0,3.6,3.6,3.2,6.8,45,34,79,0.56,0.34,0.9,0.56,0.9,0.4,0.36,0.76,0.4,0.76,LW,"LW, LM",0,0,0,0,0,1,0,0,0,0,0,0,1,0,0
Harvey Elliott,168,67,4,15,3,6,9,3,0,0,2,0,2.7,2.7,3.5,6.2,44,128,122,0.2,0.4,0.6,0.2,0.6,0.18,0.23,0.42,0.18,0.42,CAM,"CAM, CM, RW",0,0,0,0,0,0,1,1,0,1,0,0,0,0,0
Hjalmar Ekdal,188,76,2,4.9,0,0,0,0,0,0,2,0,0.1,0.1,0.1,0.1,5,11,1,0,0,0,0,0,0.01,0.01,0.03,0.01,0.03,CB,CB,0,1,0,0,0,0,0,0,0,0,0,0,0,0,0
Hugo Bueno,180,73,3,8.2,0,0,0,0,0,0,1,0,0.3,0.3,0.8,1,22,8,40,0,0,0,0,0,0.03,0.09,0.13,0.03,0.13,LB,"LB, LWB",1,0,0,0,0,0,0,0,0,0,0,0,1,1,0
Ian Maatsen,168,57,4,2.3,0,0,0,0,0,0,1,0,0.8,0.8,0.1,0.9,9,8,15,0,0,0,0,0,0.35,0.04,0.39,0.35,0.39,LB,"LB, LWB",1,0,0,0,0,0,0,0,0,0,0,0,1,1,0
Ibrahim Sangaré,191,77,4,11.5,0,0,0,0,0,0,6,0,0.6,0.6,0.4,1,5,44,7,0,0,0,0,0,0.06,0.03,0.09,0.06,0.09,CDM,"CDM, CM",0,0,0,0,0,0,1,0,1,0,0,0,0,0,0
Ibrahima Konaté,194,95,2,17.5,0,0,0,0,0,0,5,1,0.7,0.7,0.4,1.1,24,118,3,0,0,0,0,0,0.04,0.02,0.06,0.04,0.06,CB,CB,0,1,0,0,0,0,0,0,0,0,0,0,0,0,0
Idrissa Gana Gueye,174,66,3,20.9,4,0,4,4,0,0,8,0,1.3,1.3,1.1,2.4,29,83,41,0.19,0,0.19,0.19,0.19,0.06,0.05,0.12,0.06,0.12,CDM,"CDM, CM",0,0,0,0,0,0,1,0,1,0,0,0,0,0,0
Igor,185,84,2,18.2,0,0,0,0,0,0,4,0,0.3,0.3,0.7,1,30,107,12,0,0,0,0,0,0.02,0.04,0.05,0.02,0.05,CB,CB,0,1,0,0,0,0,0,0,0,0,0,0,0,0,0
Illia Zabarnyi,186,81,2,37,1,0,1,1,0,0,5,0,1.1,1.1,0.4,1.5,24,109,1,0.03,0,0.03,0.03,0.03,0.03,0.01,0.04,0.03,0.04,CB,CB,0,1,0,0,0,0,0,0,0,0,0,0,0,0,0
Ionuț Radu,188,78,2,2,0,0,0,0,0,0,0,0,0,0,0,0,0,0,0,0,0,0,0,0,0,0,0,0,0,GK,GK,0,0,0,0,1,0,0,0,0,0,0,0,0,0,0
Issa Diop,194,92,3,15.8,0,0,0,0,0,0,4,1,0.3,0.3,0,0.3,11,66,1,0,0,0,0,0,0.02,0,0.02,0.02,0.02,CB,CB,0,1,0,0,0,0,0,0,0,0,0,0,0,0,0
Issa Kaboré,180,72,3,19.2,0,2,2,0,0,0,7,0,0.2,0.2,2.1,2.3,60,54,85,0,0.1,0.1,0,0.1,0.01,0.11,0.12,0.01,0.12,RWB,"RWB, RB, RM",0,0,1,1,0,0,0,0,0,1,1,0,0,0,0
Ivan Perišić,186,80,5,1.1,0,1,1,0,0,0,2,0,0.1,0.1,0.9,1,15,9,17,0,0.87,0.87,0,0.87,0.1,0.75,0.85,0.1,0.85,LW,"LW, LWB",0,0,0,0,0,0,0,0,0,0,0,0,1,1,0
Jack Cork,184,75,4,0.3,0,0,0,0,0,0,0,0,0,0,0,0,4,4,1,0,0,0,0,0,0,0,0,0,0,CDM,"CDM, CM",0,0,0,0,0,0,1,0,1,0,0,0,0,0,0
Jack Grealish,180,81,3,11.2,3,1,4,3,0,0,6,0,2.1,2.1,2.5,4.6,87,50,146,0.27,0.09,0.36,0.27,0.36,0.19,0.22,0.41,0.19,0.41,LW,"LW, LM",0,0,0,0,0,1,0,0,0,0,0,0,1,0,0
Jack Harrison,175,70,3,24.6,3,3,6,3,0,0,1,0,3.6,3.6,3.4,7,65,62,135,0.12,0.12,0.24,0.12,0.24,0.14,0.14,0.28,0.14,0.28,LM,"LM, RM",0,0,0,0,0,1,0,0,0,0,1,0,0,0,0
Jack Hinshelwood,178,71,4,9.7,3,0,3,3,0,0,1,0,1.9,1.9,0.7,2.5,16,19,38,0.31,0,0.31,0.31,0.31,0.19,0.07,0.26,0.19,0.26,CDM,CDM,0,0,0,0,0,0,0,0,1,0,0,0,0,0,0
Jack Robinson,180,67,3,32.1,1,1,2,1,0,0,10,0,1.2,1.2,1.2,2.4,8,63,14,0.03,0.03,0.06,0.03,0.06,0.04,0.04,0.08,0.04,0.08,CB,CB,0,1,0,0,0,0,0,0,0,0,0,0,0,0,0
Jacob Brown,184,72,3,11.3,2,0,2,2,0,0,4,0,2.8,2.8,0.7,3.4,25,19,53,0.18,0,0.18,0.18,0.18,0.25,0.06,0.3,0.25,0.3,ST,"ST, RM",0,0,0,0,0,0,0,0,0,0,1,1,0,0,0
Jacob Bruun Larsen,183,77,4,13.9,6,0,6,5,1,1,1,0,5,4.2,1.5,5.7,61,38,146,0.43,0,0.43,0.36,0.36,0.36,0.1,0.46,0.3,0.41,ST,"ST, LM",0,0,0,0,0,1,0,0,0,0,0,1,0,0,0
Jacob Murphy,179,74,4,13.2,3,7,10,3,0,0,1,0,2.1,2.1,5,7.1,33,52,113,0.23,0.53,0.76,0.23,0.76,0.16,0.37,0.54,0.16,0.54,RW,"RW, LW",0,0,0,0,0,0,0,0,0,1,0,0,1,0,0
Jacob Ramsey,180,72,4,9.5,1,1,2,1,0,0,2,0,2.2,2.2,1,3.2,33,28,69,0.11,0.11,0.21,0.11,0.21,0.23,0.11,0.34,0.23,0.34,LM,"LM, CM",0,0,0,0,0,1,1,0,0,0,0,0,0,0,0
Jadon Sancho,180,76,3,0.9,0,0,0,0,0,0,0,0,0,0,0.1,0.1,10,4,5,0,0,0,0,0,0,0.06,0.06,0,0.06,LW,"LW, LM",0,0,0,0,0,1,0,0,0,0,0,0,1,0,0
Jaïro Riedewald,182,79,2,2.6,0,0,0,0,0,0,0,0,0,0,0,0,3,10,3,0,0,0,0,0,0.01,0,0.01,0.01,0.01,CDM,"CDM, CM",0,0,0,0,0,0,1,0,1,0,0,0,0,0,0
Jakub Kiwior,189,75,3,10.5,1,3,4,1,0,0,1,0,0.8,0.8,0.9,1.7,4,55,16,0.1,0.29,0.38,0.1,0.38,0.08,0.09,0.16,0.08,0.16,CB,"CB, CDM",0,1,0,0,0,0,0,0,1,0,0,0,0,0,0
Jakub Moder,188,78,5,6.9,0,0,0,0,0,0,2,0,0.6,0.6,0.8,1.3,10,23,26,0,0,0,0,0,0.08,0.11,0.2,0.08,0.2,CM,"CM, CDM, LM",0,0,0,0,0,1,1,0,1,0,0,0,0,0,0
Jamaal Lascelles,188,83,3,12,1,0,1,1,0,0,4,0,0.7,0.7,0.1,0.8,8,31,3,0.08,0,0.08,0.08,0.08,0.06,0.01,0.07,0.06,0.07,CB,CB,0,1,0,0,0,0,0,0,0,0,0,0,0,0,0
James Garner,182,80,3,33.4,1,2,3,1,0,0,7,0,2.7,2.7,4.6,7.3,36,100,76,0.03,0.06,0.09,0.03,0.09,0.08,0.14,0.22,0.08,0.22,CDM,"CDM, CM, RB",0,0,1,0,0,0,1,0,1,0,0,0,0,0,0
James Maddison,175,73,4,23.7,4,9,13,4,0,0,5,0,6.4,6.4,5.9,12.4,58,224,156,0.17,0.38,0.55,0.17,0.55,0.27,0.25,0.52,0.27,0.52,CAM,"CAM, RM, CM",0,0,0,0,0,0,1,1,0,0,1,0,0,0,0
James Mcatee,180,72,3,0,0,0,0,0,0,0,0,0,0,0,0,0,0,0,0,0,0,0,0,0,0,0,0,0,0,CAM,"CAM, CM",0,0,0,0,0,0,1,1,0,0,0,0,0,0,0
James Mcatee,180,72,3,20.2,3,3,6,2,1,1,2,0,3.1,2.3,2.9,5.2,55,51,110,0.15,0.15,0.3,0.1,0.25,0.15,0.15,0.3,0.11,0.26,CAM,"CAM, CM",0,0,0,0,0,0,1,1,0,0,0,0,0,0,0
James Milner,175,70,4,8.6,0,2,2,0,0,0,3,0,0.3,0.3,1.8,2,11,69,73,0,0.23,0.23,0,0.23,0.03,0.21,0.24,0.03,0.24,CM,"CM, RB",0,0,1,0,0,0,1,0,0,0,0,0,0,0,0
James Shea,181,76,2,0.2,0,0,0,0,0,0,0,0,0,0,0,0,0,0,0,0,0,0,0,0,0,0,0,0,0,GK,GK,0,0,0,0,1,0,0,0,0,0,0,0,0,0,0
James Tarkowski,188,81,4,38,1,1,2,1,0,0,11,0,2.6,2.6,2.5,5.1,15,130,20,0.03,0.03,0.05,0.03,0.05,0.07,0.06,0.13,0.07,0.13,CB,CB,0,1,0,0,0,0,0,0,0,0,0,0,0,0,0
James Tomkins,192,74,3,0.1,0,0,0,0,0,0,0,0,0,0,0,0,0,1,0,0,0,0,0,0,0,0,0,0,0,CB,CB,0,1,0,0,0,0,0,0,0,0,0,0,0,0,0
James Trafford,192,90,2,28,0,0,0,0,0,0,2,0,0,0,0,0,0,6,0,0,0,0,0,0,0,0,0,0,0,GK,GK,0,0,0,0,1,0,0,0,0,0,0,0,0,0,0
James Ward-Prowse,173,66,3,33.3,7,7,14,5,2,2,4,0,6,4.4,7.8,12.3,18,144,63,0.21,0.21,0.42,0.15,0.36,0.18,0.23,0.41,0.13,0.37,CM,CM,0,0,0,0,0,0,1,0,0,0,0,0,0,0,0
Jan Paul van Hecke,185,78,3,26.3,0,0,0,0,0,0,4,0,1.2,1.2,0.9,2.1,25,147,7,0,0,0,0,0,0.05,0.03,0.08,0.05,0.08,CB,CB,0,1,0,0,0,0,0,0,0,0,0,0,0,0,0
Jarell Quansah,190,80,2,13.2,2,0,2,2,0,0,1,0,1,1,0.1,1.1,13,67,1,0.15,0,0.15,0.15,0.15,0.08,0.01,0.08,0.08,0.08,CB,CB,0,1,0,0,0,0,0,0,0,0,0,0,0,0,0
Jarrad Branthwaite,195,74,5,34.6,3,0,3,3,0,0,8,0,1.7,1.7,1,2.8,2,74,6,0.09,0,0.09,0.09,0.09,0.05,0.03,0.08,0.05,0.08,CB,CB,0,1,0,0,0,0,0,0,0,0,0,0,0,0,0
Jarrod Bowen,175,70,3,33.5,16,6,22,16,0,0,2,0,11.6,11.6,5.5,17.2,90,52,186,0.48,0.18,0.66,0.48,0.66,0.35,0.16,0.51,0.35,0.51,RM,"RM, RW",0,0,0,0,0,0,0,0,0,1,1,0,0,0,0
Jason Steele,188,79,3,17,0,0,0,0,0,0,0,0,0,0,0,0,0,0,0,0,0,0,0,0,0,0,0,0,0,GK,GK,0,0,0,0,1,0,0,0,0,0,0,0,0,0,0
Jay Rodriguez,185,84,4,9.1,2,1,3,1,1,1,0,0,3.5,2.7,0.2,2.9,2,17,28,0.22,0.11,0.33,0.11,0.22,0.38,0.02,0.4,0.3,0.32,ST,ST,0,0,0,0,0,0,0,0,0,0,0,1,0,0,0
Jayden Bogle,178,69,3,31,3,0,3,3,0,0,9,0,2.3,2.3,1,3.3,38,60,92,0.1,0,0.1,0.1,0.1,0.07,0.03,0.11,0.07,0.11,RWB,"RWB, RB",0,0,1,1,0,0,0,0,0,1,0,0,0,0,0
Jean-Philippe Mateta,192,88,4,25.4,16,5,21,14,2,2,3,0,10.9,9.4,3.1,12.5,29,25,135,0.63,0.2,0.83,0.55,0.75,0.43,0.12,0.56,0.37,0.49,ST,ST,0,0,0,0,0,0,0,0,0,0,0,1,0,0,0
Jean-Ricner Bellegarde,172,70,3,10.6,2,1,3,2,0,0,0,1,1.6,1.6,1,2.5,30,39,49,0.19,0.09,0.28,0.19,0.28,0.15,0.09,0.24,0.15,0.24,CM,"CM, CDM",0,0,0,0,0,0,1,0,1,0,0,0,0,0,0
Jefferson Lerma,179,70,4,26.7,1,1,2,1,0,0,8,0,2.7,2.7,2.2,4.8,14,106,51,0.04,0.04,0.07,0.04,0.07,0.1,0.08,0.18,0.1,0.18,CDM,"CDM, CM",0,0,0,0,0,0,1,0,1,0,0,0,0,0,0
Jeffrey Schlupp,178,72,2,15,2,2,4,2,0,0,1,0,1.8,1.8,2.3,4.1,20,33,52,0.13,0.13,0.27,0.13,0.27,0.12,0.15,0.27,0.12,0.27,CDM,"CDM, CM",0,0,0,0,0,0,1,0,1,0,0,0,0,0,0
Jhon Durán,187,70,2,5.3,5,0,5,5,0,0,5,0,2,2,0.3,2.3,9,9,25,0.95,0,0.95,0.95,0.95,0.38,0.06,0.44,0.38,0.44,ST,ST,0,0,0,0,0,0,0,0,0,0,0,1,0,0,0
Jimi Tauriainen,188,72,4,0,0,0,0,0,0,0,0,0,0,0,0,0,0,0,0,0,0,0,0,0,0,0,0,0,0,CM,"CM, CDM",0,0,0,0,0,0,1,0,1,0,0,0,0,0,0
Joachim Andersen,192,90,3,37.9,2,3,5,2,0,0,7,0,1.7,1.7,2.8,4.5,21,147,10,0.05,0.08,0.13,0.05,0.13,0.04,0.07,0.12,0.04,0.12,CB,CB,0,1,0,0,0,0,0,0,0,0,0,0,0,0,0
João Gomes,176,74,3,29.4,2,1,3,2,0,0,11,0,1.7,1.7,1.1,2.8,28,101,44,0.07,0.03,0.1,0.07,0.1,0.06,0.04,0.1,0.06,0.1,CDM,"CDM, CM",0,0,0,0,0,0,1,0,1,0,0,0,0,0,0
João Palhinha,190,85,4,30,4,1,5,4,0,0,13,0,3.3,3.3,0.8,4.1,8,97,14,0.13,0.03,0.17,0.13,0.17,0.11,0.03,0.14,0.11,0.14,CDM,"CDM, CM",0,0,0,0,0,0,1,0,1,0,0,0,0,0,0
João Pedro,182,70,4,22.7,9,3,12,5,4,5,2,0,11.9,7.9,3.8,11.7,83,92,205,0.4,0.13,0.53,0.22,0.35,0.53,0.17,0.69,0.35,0.51,ST,"ST, CAM",0,0,0,0,0,0,0,1,0,0,0,1,0,0,0
Joe Gomez,188,77,3,19.8,0,1,1,0,0,0,5,0,0.8,0.8,1.3,2.1,44,100,105,0,0.05,0.05,0,0.05,0.04,0.07,0.1,0.04,0.1,CB,"CB, RB",0,1,1,0,0,0,0,0,0,0,0,0,0,0,0
Joe Rothwell,183,77,4,4.3,0,0,0,0,0,0,0,0,0.1,0.1,0.2,0.3,6,20,3,0,0,0,0,0,0.02,0.06,0.08,0.02,0.08,CM,"CM, CDM",0,0,0,0,0,0,1,0,1,0,0,0,0,0,0
Joe Worrall,190,90,2,4.9,0,0,0,0,0,0,0,1,0.1,0.1,0.2,0.3,0,8,1,0,0,0,0,0,0.02,0.04,0.06,0.02,0.06,CB,CB,0,1,0,0,0,0,0,0,0,0,0,0,0,0,0
Joël Matip,194,90,2,8.7,0,0,0,0,0,0,2,0,0.5,0.5,0.1,0.6,8,34,1,0,0,0,0,0,0.06,0.01,0.06,0.06,0.06,CB,CB,0,1,0,0,0,0,0,0,0,0,0,0,0,0,0
Joël Veltman,184,75,4,17.6,1,1,2,1,0,0,4,0,0.4,0.4,0.5,0.9,24,85,54,0.06,0.06,0.11,0.06,0.11,0.02,0.03,0.05,0.02,0.05,RB,"RB, CB",0,1,1,0,0,0,0,0,0,0,0,0,0,0,0
Joel Ward,188,83,3,22,0,1,1,0,0,0,4,0,0.9,0.9,0.2,1.1,16,66,14,0,0.05,0.05,0,0.05,0.04,0.01,0.05,0.04,0.05,RB,RB,0,0,1,0,0,0,0,0,0,0,0,0,0,0,0
Joelinton,186,81,3,14.2,2,1,3,2,0,0,6,0,3.1,3.1,2.8,5.9,29,56,60,0.14,0.07,0.21,0.14,0.21,0.22,0.2,0.41,0.22,0.41,CM,"CM, LW",0,0,0,0,0,0,1,0,0,0,0,0,1,0,0
John Egan,185,75,3,5.4,0,0,0,0,0,0,2,0,0.2,0.2,0,0.2,0,5,1,0,0,0,0,0,0.03,0,0.03,0.03,0.03,CB,CB,0,1,0,0,0,0,0,0,0,0,0,0,0,0,0
John Fleck,170,72,2,1,0,0,0,0,0,0,1,0,0,0,0.4,0.4,2,3,0,0,0,0,0,0,0,0.44,0.44,0,0.44,CM,"CM, CDM",0,0,0,0,0,0,1,0,1,0,0,0,0,0,0
John McGinn,178,68,2,33.3,6,4,10,6,0,0,9,1,5,5,4.6,9.6,59,189,84,0.18,0.12,0.3,0.18,0.3,0.15,0.14,0.29,0.15,0.29,CM,"CM, RM, CDM",0,0,0,0,0,0,1,0,1,0,1,0,0,0,0
John Stones,188,76,4,11.8,1,0,1,1,0,0,2,0,1,1,0.2,1.3,16,57,24,0.08,0,0.08,0.08,0.08,0.09,0.02,0.11,0.09,0.11,CB,"CB, RB",0,1,1,0,0,0,0,0,0,0,0,0,0,0,0
Jordan Ayew,182,81,3,28.3,4,7,11,4,0,0,9,1,3.9,3.9,4.2,8.1,74,63,173,0.14,0.25,0.39,0.14,0.39,0.14,0.15,0.29,0.14,0.29,RW,"RW, LW",0,0,0,0,0,0,0,0,0,1,0,0,1,0,0
Jordan Beyer,187,80,3,13.7,0,1,1,0,0,0,6,0,0.5,0.5,0.3,0.8,9,25,1,0,0.07,0.07,0,0.07,0.04,0.02,0.06,0.04,0.06,CB,CB,0,1,0,0,0,0,0,0,0,0,0,0,0,0,0
Jordan Clark,176,73,4,14.5,1,1,2,1,0,0,4,0,1,1,1.3,2.2,21,51,39,0.07,0.07,0.14,0.07,0.14,0.07,0.09,0.16,0.07,0.16,CM,"CM, CDM",0,0,0,0,0,0,1,0,1,0,0,0,0,0,0
Jordan Pickford,185,77,4,38,0,0,0,0,0,0,5,0,0,0,0.1,0.1,1,6,0,0,0,0,0,0,0,0,0,0,0,GK,GK,0,0,0,0,1,0,0,0,0,0,0,0,0,0,0
Jorginho,178,68,3,10.2,0,2,2,0,0,0,1,0,0.1,0.1,1.4,1.5,8,101,8,0,0.2,0.2,0,0.2,0.01,0.13,0.14,0.01,0.14,CDM,"CDM, CM",0,0,0,0,0,0,1,0,1,0,0,0,0,0,0
José Sá,192,84,2,33.7,0,1,1,0,0,0,1,0,0,0,0,0,0,1,0,0,0.03,0.03,0,0.03,0,0,0,0,0,GK,GK,0,0,0,0,1,0,0,0,0,0,0,0,0,0,0
Josh Brownhill,180,69,3,25,4,2,6,4,0,0,4,1,1.9,1.9,2.1,4,19,90,36,0.16,0.08,0.24,0.16,0.24,0.08,0.08,0.16,0.08,0.16,CM,"CM, CAM, CDM",0,0,0,0,0,0,1,1,1,0,0,0,0,0,0
Joško Gvardiol,185,80,4,25.9,4,1,5,4,0,0,3,0,3.1,3.1,1.4,4.5,63,136,115,0.15,0.04,0.19,0.15,0.19,0.12,0.06,0.18,0.12,0.18,CB,"CB, LB",1,1,0,0,0,0,0,0,0,0,0,0,0,0,0
Julián Álvarez,170,71,4,29.4,11,8,19,9,2,2,2,0,13,11.5,6.4,17.9,64,103,180,0.37,0.27,0.65,0.31,0.58,0.44,0.22,0.66,0.39,0.61,ST,"ST, CF, CAM",0,0,0,0,0,0,0,1,0,0,0,1,0,0,1
Julio Enciso,174,64,3,5.3,0,2,2,0,0,0,2,0,1.4,1.4,1.7,3.2,28,21,29,0,0.38,0.38,0,0.38,0.27,0.32,0.59,0.27,0.59,LM,"LM, CAM, RM",0,0,0,0,0,1,0,1,0,0,1,0,0,0,0
Jurriën Timber,179,78,3,0.8,0,0,0,0,0,0,2,0,0,0,0,0,0,8,5,0,0,0,0,0,0,0,0,0,0,CB,"CB, RB",0,1,1,0,0,0,0,0,0,0,0,0,0,0,0
Justin Kluivert,171,67,4,21.3,7,1,8,7,0,0,5,0,6.2,6.2,1.9,8.1,65,50,114,0.33,0.05,0.38,0.33,0.38,0.29,0.09,0.38,0.29,0.38,RM,"RM, LM",0,0,0,0,0,1,0,0,0,0,1,0,0,0,0
Kai Havertz,190,82,4,29.3,13,7,20,12,1,1,11,0,12.3,11.6,4.4,15.9,55,99,191,0.44,0.24,0.68,0.41,0.65,0.42,0.15,0.57,0.39,0.54,CAM,"CAM, RW, ST",0,0,0,0,0,0,0,1,0,1,0,1,0,0,0
Kaide Gordon,173,65,3,0,0,0,0,0,0,0,0,0,0,0,0,0,0,1,0,0,0,0,0,0,0,0,0,0,0,RW,"RW, LW",0,0,0,0,0,0,0,0,0,1,0,0,1,0,0
Kalvin Phillips,178,72,3,3.4,0,0,0,0,0,0,3,1,0.1,0.1,0,0.1,3,19,4,0,0,0,0,0,0.02,0,0.02,0.02,0.02,CDM,"CDM, CM",0,0,0,0,0,0,1,0,1,0,0,0,0,0,0
Kalvin Phillips,178,72,3,1,0,0,0,0,0,0,0,0,0.1,0.1,0,0.1,7,7,3,0,0,0,0,0,0.07,0,0.07,0.07,0.07,CDM,"CDM, CM",0,0,0,0,0,0,1,0,1,0,0,0,0,0,0
Keane Lewis-Potter,170,67,4,16,3,1,4,3,0,0,0,0,6.3,6.3,1.7,8,56,32,135,0.19,0.06,0.25,0.19,0.25,0.39,0.11,0.5,0.39,0.5,LW,"LW, LM",0,0,0,0,0,1,0,0,0,0,0,0,1,0,0
Kenny Tete,180,71,2,9.6,1,0,1,1,0,0,2,0,0.9,0.9,0.4,1.2,20,54,38,0.1,0,0.1,0.1,0.1,0.09,0.04,0.13,0.09,0.13,RB,RB,0,0,1,0,0,0,0,0,0,0,0,0,0,0,0
Kevin De Bruyne,181,75,5,13.6,4,10,14,4,0,0,2,0,2.4,2.4,11.5,14,47,111,133,0.29,0.74,1.03,0.29,1.03,0.18,0.85,1.03,0.18,1.03,CM,"CM, CAM",0,0,0,0,0,0,1,1,0,0,0,0,0,0,0
Kevin Schade,185,74,3,3.7,2,1,3,2,0,0,0,0,1.2,1.2,0.7,1.9,8,9,23,0.54,0.27,0.81,0.54,0.81,0.32,0.19,0.52,0.32,0.52,RW,"RW, ST, LW",0,0,0,0,0,0,0,0,0,1,0,1,1,0,0
Kieffer Moore,196,83,3,1.2,1,0,1,1,0,0,0,0,1.5,1.5,0.2,1.7,2,4,15,0.83,0,0.83,0.83,0.83,1.23,0.2,1.44,1.23,1.44,ST,ST,0,0,0,0,0,0,0,0,0,0,0,1,0,0,0
Kieran Trippier,173,71,4,24.8,1,10,11,1,0,0,5,0,0.7,0.7,7.5,8.2,34,157,128,0.04,0.4,0.44,0.04,0.44,0.03,0.3,0.33,0.03,0.33,RB,RB,0,0,1,0,0,0,0,0,0,0,0,0,0,0,0
Kobbie Mainoo,175,80,2,21.4,3,1,4,3,0,0,3,0,0.9,0.9,0.7,1.6,25,64,36,0.14,0.05,0.19,0.14,0.19,0.04,0.03,0.07,0.04,0.07,CDM,"CDM, CM, CAM",0,0,0,0,0,0,1,1,1,0,0,0,0,0,0
Konstantinos Mavropanos,194,89,4,16.7,1,0,1,1,0,0,2,0,1.2,1.2,0.2,1.4,10,38,2,0.06,0,0.06,0.06,0.06,0.07,0.01,0.08,0.07,0.08,CB,"CB, RB",0,1,1,0,0,0,0,0,0,0,0,0,0,0,0
Kristoffer Ajer,196,94,3,20.4,2,1,3,2,0,0,5,0,1.3,1.3,2.3,3.6,22,61,31,0.1,0.05,0.15,0.1,0.15,0.06,0.11,0.18,0.06,0.18,CB,"CB, RB",0,1,1,0,0,0,0,0,0,0,0,0,0,0,0
Kurt Zouma,190,95,3,31.5,3,0,3,3,0,0,3,0,1.8,1.8,0.2,2,7,53,1,0.1,0,0.1,0.1,0.1,0.06,0.01,0.06,0.06,0.06,CB,CB,0,1,0,0,0,0,0,0,0,0,0,0,0,0,0
Kyle Walker,183,83,2,30.7,0,4,4,0,0,0,2,0,0.4,0.4,2.6,3,74,157,172,0,0.13,0.13,0,0.13,0.01,0.09,0.1,0.01,0.1,RB,RB,0,0,1,0,0,0,0,0,0,0,0,0,0,0,0
Leander Dendoncker,188,88,4,1.3,1,0,1,1,0,0,0,0,0.7,0.7,0,0.7,0,3,2,0.76,0,0.76,0.76,0.76,0.56,0,0.56,0.56,0.56,CM,"CM, CDM",0,0,0,0,0,0,1,0,1,0,0,0,0,0,0
Leandro Trossard,171,67,4,18.3,12,1,13,12,0,0,2,0,7.9,7.9,2.8,10.7,66,76,155,0.65,0.05,0.71,0.65,0.71,0.43,0.15,0.58,0.43,0.58,CF,"CF, LW",0,0,0,0,0,0,0,0,0,0,0,0,1,0,1
Leon Bailey,178,77,3,23,10,9,19,10,0,0,5,0,6.3,6.3,9.2,15.5,102,82,226,0.44,0.39,0.83,0.44,0.83,0.27,0.4,0.67,0.27,0.67,RM,"RM, ST, RW",0,0,0,0,0,0,0,0,0,1,1,1,0,0,0
Lesley Ugochukwu,191,88,3,3.3,0,0,0,0,0,0,2,0,0,0,0.1,0.1,8,17,3,0,0,0,0,0,0,0.03,0.03,0,0.03,CM,"CM, CDM",0,0,0,0,0,0,1,0,1,0,0,0,0,0,0
Levi Colwill,187,80,3,20,1,1,2,1,0,0,2,0,1.3,1.3,1.2,2.5,23,73,27,0.05,0.05,0.1,0.05,0.1,0.06,0.06,0.12,0.06,0.12,CB,CB,0,1,0,0,0,0,0,0,0,0,0,0,0,0,0
Lewis Cook,175,71,4,31,0,3,3,0,0,0,5,1,0.4,0.4,4.3,4.6,22,142,15,0,0.1,0.1,0,0.1,0.01,0.14,0.15,0.01,0.15,CM,"CM, CDM",0,0,0,0,0,0,1,0,1,0,0,0,0,0,0
Lewis Dobbin,181,71,2,2.6,1,0,1,1,0,0,1,0,0.3,0.3,0.5,0.8,6,3,20,0.39,0,0.39,0.39,0.39,0.11,0.19,0.3,0.11,0.3,LM,"LM, ST",0,0,0,0,0,1,0,0,0,0,0,1,0,0,0
Lewis Dunk,192,88,3,31.9,3,1,4,3,0,0,7,1,3.1,3.1,0.9,4,33,152,13,0.09,0.03,0.13,0.09,0.13,0.1,0.03,0.12,0.1,0.12,CB,CB,0,1,0,0,0,0,0,0,0,0,0,0,0,0,0
Lewis Hall,179,71,3,8.7,1,0,1,1,0,0,2,0,0.3,0.3,0.3,0.6,19,46,27,0.12,0,0.12,0.12,0.12,0.04,0.03,0.07,0.04,0.07,LB,"LB, LWB",1,0,0,0,0,0,0,0,0,0,0,0,1,1,0
Lewis Miley,189,68,4,13.4,1,3,4,1,0,0,1,0,1.2,1.2,1.7,2.9,14,53,54,0.07,0.22,0.3,0.07,0.3,0.09,0.13,0.22,0.09,0.22,CM,"CM, CDM, CAM",0,0,0,0,0,0,1,1,1,0,0,0,0,0,0
Lisandro Martínez,178,77,3,7.2,0,1,1,0,0,0,3,0,0,0,0.1,0.1,8,28,1,0,0.14,0.14,0,0.14,0,0.01,0.01,0,0.01,CB,CB,0,1,0,0,0,0,0,0,0,0,0,0,0,0,0
Lloyd Kelly,190,76,3,17.3,0,1,1,0,0,0,2,0,0.3,0.3,1.2,1.6,15,56,28,0,0.06,0.06,0,0.06,0.02,0.07,0.09,0.02,0.09,CB,"CB, LB",1,1,0,0,0,0,0,0,0,0,0,0,0,0,0
Loris Karius,189,87,3,1,0,0,0,0,0,0,0,0,0,0,0,0,0,0,0,0,0,0,0,0,0,0,0,0,0,GK,GK,0,0,0,0,1,0,0,0,0,0,0,0,0,0,0
Luca Koleosho,175,67,4,10.8,1,1,2,1,0,0,0,0,2,2,1.3,3.3,53,19,82,0.09,0.09,0.18,0.09,0.18,0.18,0.12,0.3,0.18,0.3,LM,"LM, RM, RW",0,0,0,0,0,1,0,0,0,1,1,0,0,0,0
Lucas Digne,178,74,2,26.8,1,3,4,1,0,0,7,0,1.1,1.1,4.1,5.2,42,77,200,0.04,0.11,0.15,0.04,0.15,0.04,0.15,0.19,0.04,0.19,LB,LB,1,0,0,0,0,0,0,0,0,0,0,0,0,0,0
Lucas Paquetá,180,72,4,29.1,4,6,10,2,2,2,10,0,5.4,3.8,5.4,9.2,34,187,116,0.14,0.21,0.34,0.07,0.27,0.18,0.18,0.37,0.13,0.32,CAM,"CAM, CM",0,0,0,0,0,0,1,1,0,0,0,0,0,0,0
Luis Díaz,180,73,4,29.2,8,5,13,8,0,0,3,0,11.9,11.9,5.7,17.5,137,113,302,0.27,0.17,0.45,0.27,0.45,0.41,0.19,0.6,0.41,0.6,LW,"LW, LM",0,0,0,0,0,1,0,0,0,0,0,0,1,0,0
Luis Sinisterra,172,60,4,7.8,2,2,4,2,0,0,0,0,2.5,2.5,2.4,5,51,38,85,0.26,0.26,0.52,0.26,0.52,0.33,0.31,0.64,0.33,0.64,LM,"LM, RM, CAM",0,0,0,0,0,1,0,1,0,0,1,0,0,0,0
Łukasz Fabiański,190,83,2,8,0,0,0,0,0,0,0,0,0,0,0,0,0,1,0,0,0,0,0,0,0,0,0,0,0,GK,GK,0,0,0,0,1,0,0,0,0,0,0,0,0,0,0
Luke Berry,177,72,3,3.6,2,1,3,2,0,0,1,0,1,1,0.3,1.3,1,8,7,0.56,0.28,0.84,0.56,0.84,0.28,0.07,0.35,0.28,0.35,CM,"CM, CAM",0,0,0,0,0,0,1,1,0,0,0,0,0,0,0
Luke Harris,168,63,3,0.8,0,0,0,0,0,0,0,0,0.3,0.3,0,0.3,0,1,0,0,0,0,0,0,0.33,0,0.33,0.33,0.33,CAM,CAM,0,0,0,0,0,0,0,1,0,0,0,0,0,0,0
Luke Shaw,181,75,2,10.7,0,0,0,0,0,0,6,0,0,0,1,1,10,45,30,0,0,0,0,0,0,0.09,0.1,0,0.1,LB,"LB, CB",1,1,0,0,0,0,0,0,0,0,0,0,0,0,0
Luke Thomas,177,68,2,10.2,0,0,0,0,0,0,3,0,0.5,0.5,0.1,0.6,8,33,22,0,0,0,0,0,0.05,0,0.06,0.05,0.06,LB,"LB, LWB",1,0,0,0,0,0,0,0,0,0,0,0,1,1,0
Lyle Foster,185,70,3,21.1,5,3,8,5,0,0,0,1,4.5,4.5,1.9,6.4,55,37,104,0.24,0.14,0.38,0.24,0.38,0.21,0.09,0.3,0.21,0.3,ST,"ST, RM",0,0,0,0,0,0,0,0,0,0,1,1,0,0,0
Mads Juel Andersen,194,82,4,4.4,1,0,1,1,0,0,1,0,0.3,0.3,0,0.3,0,7,1,0.23,0,0.23,0.23,0.23,0.06,0,0.06,0.06,0.06,CB,CB,0,1,0,0,0,0,0,0,0,0,0,0,0,0,0
Mads Roerslev,184,67,3,22.1,1,2,3,1,0,0,1,0,0.9,0.9,1.8,2.7,18,43,90,0.05,0.09,0.14,0.05,0.14,0.04,0.08,0.12,0.04,0.12,RWB,"RWB, RB",0,0,1,1,0,0,0,0,0,1,0,0,0,0,0
Mahmoud Dahoud,178,68,4,5,0,1,1,0,0,0,1,1,0.2,0.2,0.9,1.1,4,11,6,0,0.2,0.2,0,0.2,0.04,0.18,0.22,0.04,0.22,CM,"CM, CDM",0,0,0,0,0,0,1,0,1,0,0,0,0,0,0
Malo Gusto,179,70,3,19.5,0,6,6,0,0,0,7,1,0.9,0.9,4.3,5.2,78,86,135,0,0.31,0.31,0,0.31,0.05,0.22,0.27,0.05,0.27,RB,RB,0,0,1,0,0,0,0,0,0,0,0,0,0,0,0
Manor Solomon,170,67,4,2.2,0,2,2,0,0,0,1,0,0.4,0.4,0.8,1.2,17,11,44,0,0.9,0.9,0,0.9,0.19,0.38,0.56,0.19,0.56,LW,"LW, RW",0,0,0,0,0,0,0,0,0,1,0,0,1,0,0
Manuel Akanji,187,91,4,27.9,2,0,2,2,0,0,4,1,1.9,1.9,0.5,2.4,46,148,36,0.07,0,0.07,0.07,0.07,0.07,0.02,0.09,0.07,0.09,CB,CB,0,1,0,0,0,0,0,0,0,0,0,0,0,0,0
Marc Cucurella,173,66,3,19.8,0,2,2,0,0,0,10,0,1.1,1.1,1.1,2.2,31,50,73,0,0.1,0.1,0,0.1,0.06,0.05,0.11,0.06,0.11,LB,"LB, CB, LWB",1,1,0,0,0,0,0,0,0,0,0,0,1,1,0
Marcos Senesi,183,78,4,24.9,4,5,9,4,0,0,13,0,2,2,1.7,3.7,31,127,4,0.16,0.2,0.36,0.16,0.36,0.08,0.07,0.15,0.08,0.15,CB,CB,0,1,0,0,0,0,0,0,0,0,0,0,0,0,0
Marcus Rashford,186,70,3,25.2,7,2,9,5,2,2,2,0,7.4,5.8,2.3,8.1,95,65,184,0.28,0.08,0.36,0.2,0.28,0.29,0.09,0.38,0.23,0.32,LW,"LW, LM, ST",0,0,0,0,0,1,0,0,0,0,0,1,1,0,0
Marcus Tavernier,177,70,3,23.5,3,4,7,3,0,0,3,0,3.9,3.9,5.2,9.1,79,84,171,0.13,0.17,0.3,0.13,0.3,0.17,0.22,0.39,0.17,0.39,LM,"LM, RM, CAM",0,0,0,0,0,1,0,1,0,0,1,0,0,0,0
Mario Lemina,184,85,4,33,4,1,5,4,0,0,12,1,4.6,4.6,1.5,6.2,32,76,49,0.12,0.03,0.15,0.12,0.15,0.14,0.05,0.19,0.14,0.19,CDM,"CDM, CM",0,0,0,0,0,0,1,0,1,0,0,0,0,0,0
Mark Flekken,195,87,4,36.5,0,1,1,0,0,0,3,0,0,0,0.5,0.5,0,5,0,0,0.03,0.03,0,0.03,0,0.01,0.01,0,0.01,GK,GK,0,0,0,0,1,0,0,0,0,0,0,0,0,0,0
Martin Dúbravka,190,80,2,22.1,0,0,0,0,0,0,1,0,0,0,0.1,0.1,0,0,0,0,0,0,0,0,0,0,0,0,0,GK,GK,0,0,0,0,1,0,0,0,0,0,0,0,0,0,0
Martin Ødegaard,178,68,2,34.3,8,10,18,6,2,2,2,0,7.4,5.8,9.6,15.5,91,344,202,0.23,0.29,0.52,0.17,0.47,0.22,0.28,0.5,0.17,0.45,CAM,"CAM, CM",0,0,0,0,0,0,1,1,0,0,0,0,0,0,0
Marvelous Nakamba,178,71,2,12.6,0,0,0,0,0,0,5,0,0.2,0.2,0.4,0.6,1,36,5,0,0,0,0,0,0.01,0.03,0.05,0.01,0.05,CDM,"CDM, CM",0,0,0,0,0,0,1,0,1,0,0,0,0,0,0
Mason Mount,181,74,4,5.7,1,0,1,1,0,0,2,0,0.4,0.4,0.3,0.7,9,21,34,0.17,0,0.17,0.17,0.17,0.07,0.06,0.13,0.07,0.13,CAM,"CAM, RW, CM",0,0,0,0,0,0,1,1,0,1,0,0,0,0,0
Mateo Kovačić,177,80,4,17.2,1,0,1,1,0,0,4,0,1.3,1.3,1.6,2.9,37,100,38,0.06,0,0.06,0.06,0.06,0.07,0.09,0.17,0.07,0.17,CM,"CM, CDM",0,0,0,0,0,0,1,0,1,0,0,0,0,0,0
Matheus Cunha,183,76,4,27.1,12,7,19,11,1,1,9,0,9.5,8.7,3.2,11.9,107,87,139,0.44,0.26,0.7,0.41,0.66,0.35,0.12,0.47,0.32,0.44,ST,"ST, CAM, LM",0,0,0,0,0,1,0,1,0,0,0,1,0,0,0
Matheus França,184,67,4,2.6,0,1,1,0,0,0,1,0,0.4,0.4,0.9,1.2,12,8,12,0,0.39,0.39,0,0.39,0.14,0.34,0.48,0.14,0.48,CAM,"CAM, ST",0,0,0,0,0,0,0,1,0,0,0,1,0,0,0
Matheus Nunes,183,76,3,7.3,0,2,2,0,0,0,0,0,0.8,0.8,1.1,2,28,34,58,0,0.27,0.27,0,0.27,0.11,0.15,0.27,0.11,0.27,CM,"CM, LM",0,0,0,0,0,1,1,0,0,0,0,0,0,0,0
Matheus Nunes,183,76,3,2,0,0,0,0,0,0,2,1,0.1,0.1,0.1,0.2,7,8,9,0,0,0,0,0,0.04,0.05,0.09,0.04,0.09,CM,"CM, LM",0,0,0,0,0,1,1,0,0,0,0,0,0,0,0
Mathias Jensen,180,68,4,24.5,3,3,6,3,0,0,5,0,0.7,0.7,4,4.7,19,123,66,0.12,0.12,0.25,0.12,0.25,0.03,0.16,0.19,0.03,0.19,CM,CM,0,0,0,0,0,0,1,0,0,0,0,0,0,0,0
Mathias Jørgensen,191,85,2,12.1,1,0,1,1,0,0,4,0,0.7,0.7,0.9,1.7,5,50,4,0.08,0,0.08,0.08,0.08,0.06,0.08,0.14,0.06,0.14,CB,CB,0,1,0,0,0,0,0,0,0,0,0,0,0,0,0
Matt Ritchie,172,76,4,1.4,1,0,1,1,0,0,1,0,1,1,0,1,5,8,13,0.7,0,0.7,0.7,0.7,0.68,0,0.68,0.68,0.68,LM,"LM, LB",1,0,0,0,0,1,0,0,0,0,0,0,0,0,0
Matt Targett,183,70,2,0.9,0,0,0,0,0,0,1,0,0,0,0,0,1,2,0,0,0,0,0,0,0,0.03,0.03,0,0.03,LB,LB,1,0,0,0,0,0,0,0,0,0,0,0,0,0,0
Matty Cash,185,74,2,23.8,2,2,4,2,0,0,8,0,4.2,4.2,2.3,6.5,62,88,101,0.08,0.08,0.17,0.08,0.17,0.18,0.1,0.27,0.18,0.27,RB,"RB, RWB",0,0,1,1,0,0,0,0,0,1,0,0,0,0,0
Max Lowe,175,74,3,5.6,0,0,0,0,0,0,1,0,0.6,0.6,0.7,1.3,5,12,11,0,0,0,0,0,0.1,0.13,0.23,0.1,0.23,LWB,"LWB, LB",1,0,0,0,0,0,0,0,0,0,0,0,1,1,0
Maxwel Cornet,179,69,4,1.2,1,0,1,1,0,0,0,0,0.4,0.4,0.2,0.6,3,2,8,0.8,0,0.8,0.8,0.8,0.32,0.13,0.46,0.32,0.46,LM,"LM, CF",0,0,0,0,0,1,0,0,0,0,0,0,0,0,1
Michael Keane,191,82,3,4.9,1,0,1,1,0,0,2,0,0.7,0.7,0,0.7,4,14,3,0.21,0,0.21,0.21,0.21,0.14,0,0.14,0.14,0.14,CB,CB,0,1,0,0,0,0,0,0,0,0,0,0,0,0,0
Michael Obafemi,169,71,3,0.2,0,0,0,0,0,0,0,0,0.1,0.1,0,0.1,0,0,3,0,0,0,0,0,0.4,0,0.4,0.4,0.4,ST,ST,0,0,0,0,0,0,0,0,0,0,0,1,0,0,0
Michael Olakigbe,180,73,3,0.7,0,0,0,0,0,0,0,0,0.1,0.1,0,0.1,10,4,17,0,0,0,0,0,0.18,0,0.18,0.18,0.18,LW,"LW, RW",0,0,0,0,0,0,0,0,0,1,0,0,1,0,0
Michael Olise,189,73,2,14.2,10,6,16,9,1,1,0,0,5.5,4.7,5.8,10.5,68,78,134,0.71,0.42,1.13,0.64,1.06,0.39,0.41,0.8,0.33,0.74,RW,RW,0,0,0,0,0,0,0,0,0,1,0,0,0,0,0
Michail Antonio,180,82,3,18.8,6,2,8,6,0,0,6,0,5.8,5.8,0.9,6.7,48,22,104,0.32,0.11,0.42,0.32,0.42,0.31,0.05,0.35,0.31,0.35,ST,ST,0,0,0,0,0,0,0,0,0,0,0,1,0,0,0
Miguel Almirón,174,70,2,21.5,3,1,4,3,0,0,2,0,4.5,4.5,2.6,7.2,78,78,162,0.14,0.05,0.19,0.14,0.19,0.21,0.12,0.33,0.21,0.33,RW,"RW, RM",0,0,0,0,0,0,0,0,0,1,1,0,0,0,0
Mike Trésor,172,66,3,4.7,0,0,0,0,0,0,0,0,0.5,0.5,0.4,0.9,15,10,31,0,0,0,0,0,0.1,0.08,0.18,0.1,0.18,LM,"LM, CAM",0,0,0,0,0,1,0,1,0,0,0,0,0,0,0
Mikkel Damsgaard,180,71,3,9.4,0,2,2,0,0,0,2,0,0.9,0.9,1.4,2.4,16,61,32,0,0.21,0.21,0,0.21,0.1,0.16,0.25,0.1,0.25,CAM,"CAM, LW, CM",0,0,0,0,0,0,1,1,0,0,0,0,1,0,0
Milos Kerkez,176,71,3,21.9,0,1,1,0,0,0,4,1,1.2,1.2,0.8,2,46,44,93,0,0.05,0.05,0,0.05,0.06,0.04,0.09,0.06,0.09,LB,LB,1,0,0,0,0,0,0,0,0,0,0,0,0,0,0
Mohamed Elneny,179,72,3,0.3,0,0,0,0,0,0,0,0,0.1,0.1,0,0.1,1,1,0,0,0,0,0,0,0.26,0,0.26,0.26,0.26,CDM,"CDM, CM",0,0,0,0,0,0,1,0,1,0,0,0,0,0,0
Mohamed Salah,175,71,3,28.2,18,10,28,13,5,7,2,0,21.2,15.5,11.8,27.3,98,147,341,0.64,0.36,0.99,0.46,0.82,0.75,0.42,1.17,0.55,0.97,RW,RW,0,0,0,0,0,0,0,0,0,1,0,0,0,0,0
Mohammed Kudus,177,70,3,27.6,8,6,14,8,0,0,6,0,5.1,5.1,3.5,8.6,117,80,216,0.29,0.22,0.51,0.29,0.51,0.19,0.13,0.31,0.19,0.31,RW,"RW, CAM",0,0,0,0,0,0,0,1,0,1,0,0,0,0,0
Moisés Caicedo,178,71,3,31.8,1,3,4,1,0,0,11,0,0.4,0.4,2.6,3,27,173,27,0.03,0.09,0.13,0.03,0.13,0.01,0.08,0.09,0.01,0.09,CDM,"CDM, CM",0,0,0,0,0,0,1,0,1,0,0,0,0,0,0
Morgan Gibbs-White,178,70,2,35.1,5,10,15,4,1,1,9,0,6.9,6.1,8.4,14.6,80,170,181,0.14,0.29,0.43,0.11,0.4,0.2,0.24,0.44,0.17,0.42,CAM,"CAM, CF, LW",0,0,0,0,0,0,0,1,0,0,0,0,1,0,1
Moussa Diaby,171,67,3,24.2,6,8,14,6,0,0,1,0,7,7,6.6,13.6,94,72,183,0.25,0.33,0.58,0.25,0.58,0.29,0.27,0.56,0.29,0.56,RM,"RM, LM",0,0,0,0,0,1,0,0,0,0,1,0,0,0,0
Murillo,184,79,3,31,0,2,2,0,0,0,5,0,1.8,1.8,1.2,3,22,89,7,0,0.06,0.06,0,0.06,0.06,0.04,0.1,0.06,0.1,CB,CB,0,1,0,0,0,0,0,0,0,0,0,0,0,0,0
Mykhailo Mudryk,175,61,4,17.5,5,2,7,5,0,0,5,0,4.4,4.4,4.1,8.5,92,45,139,0.29,0.11,0.4,0.29,0.4,0.25,0.23,0.48,0.25,0.48,LW,"LW, LM",0,0,0,0,0,1,0,0,0,0,0,0,1,0,0
Myles Peart-Harris,187,70,3,0.1,0,0,0,0,0,0,0,0,0,0,0,0,2,1,1,0,0,0,0,0,0,0.12,0.12,0,0.12,CM,"CM, CAM",0,0,0,0,0,0,1,1,0,0,0,0,0,0,0
Naouirou Ahamada,183,73,3,3.9,0,0,0,0,0,0,4,1,0.5,0.5,0,0.5,19,25,20,0,0,0,0,0,0.13,0.01,0.13,0.13,0.13,CM,CM,0,0,0,0,0,0,1,0,0,0,0,0,0,0,0
Nathan Aké,180,75,3,22.7,2,2,4,2,0,0,0,0,2.5,2.5,1.2,3.7,24,116,18,0.09,0.09,0.18,0.09,0.18,0.11,0.05,0.16,0.11,0.16,CB,"CB, LB",1,1,0,0,0,0,0,0,0,0,0,0,0,0,0
Nathan Collins,193,81,3,29.5,1,1,2,1,0,0,3,0,1.7,1.7,2.2,3.9,11,97,18,0.03,0.03,0.07,0.03,0.07,0.06,0.07,0.13,0.06,0.13,CB,"CB, RB",0,1,1,0,0,0,0,0,0,0,0,0,0,0,0
Nathan Fraser,186,76,4,2.1,0,0,0,0,0,0,1,0,0.3,0.3,0.1,0.4,1,2,21,0,0,0,0,0,0.16,0.04,0.19,0.16,0.19,ST,ST,0,0,0,0,0,0,0,0,0,0,0,1,0,0,0
Nathan Patterson,183,80,3,11.2,0,2,2,0,0,0,4,0,0.3,0.3,1.7,2,17,38,39,0,0.18,0.18,0,0.18,0.03,0.15,0.18,0.03,0.18,RB,"RB, RWB",0,0,1,1,0,0,0,0,0,1,0,0,0,0,0
Nathan Redmond,173,69,3,1.6,0,0,0,0,0,0,1,0,0,0,0.3,0.3,7,8,22,0,0,0,0,0,0,0.19,0.19,0,0.19,RM,"RM, LM, ST",0,0,0,0,0,1,0,0,0,0,1,1,0,0,0
Nathaniel Clyne,175,67,2,14.9,0,0,0,0,0,0,0,0,0.2,0.2,0.2,0.4,10,33,18,0,0,0,0,0,0.01,0.01,0.03,0.01,0.03,RB,RB,0,0,1,0,0,0,0,0,0,0,0,0,0,0,0
Nayef Aguerd,190,76,3,20.6,1,0,1,1,0,0,3,1,1.5,1.5,0.3,1.8,10,68,3,0.05,0,0.05,0.05,0.05,0.07,0.01,0.09,0.07,0.09,CB,CB,0,1,0,0,0,0,0,0,0,0,0,0,0,0,0
Neal Maupay,173,69,3,14.7,6,3,9,6,0,0,8,0,5.7,5.7,2.3,8.1,21,37,91,0.41,0.2,0.61,0.41,0.61,0.39,0.16,0.55,0.39,0.55,ST,ST,0,0,0,0,0,0,0,0,0,0,0,1,0,0,0
Neal Maupay,173,69,3,1.2,0,0,0,0,0,0,0,0,1.4,1.4,0.1,1.5,1,0,6,0,0,0,0,0,1.16,0.05,1.22,1.16,1.22,ST,ST,0,0,0,0,0,0,0,0,0,0,0,1,0,0,0
Neco Williams,183,72,3,18.2,0,1,1,0,0,0,4,0,0.8,0.8,1.6,2.5,48,47,86,0,0.05,0.05,0,0.05,0.04,0.09,0.13,0.04,0.13,RWB,"RWB, RB, LWB",0,0,1,1,0,0,0,0,0,1,0,0,1,1,0
Nélson Semedo,177,69,3,34.3,0,1,1,0,0,0,10,1,1.3,1.3,1.7,3,103,138,150,0,0.03,0.03,0,0.03,0.04,0.05,0.09,0.04,0.09,RB,"RB, RWB",0,0,1,1,0,0,0,0,0,1,0,0,0,0,0
Neto,190,84,2,32,0,0,0,0,0,0,5,0,0,0,0,0,0,0,0,0,0,0,0,0,0,0,0,0,0,GK,GK,0,0,0,0,1,0,0,0,0,0,0,0,0,0,0
Nick Pope,199,76,3,14.9,0,0,0,0,0,0,1,0,0,0,0,0,0,0,0,0,0,0,0,0,0,0,0,0,0,GK,GK,0,0,0,0,1,0,0,0,0,0,0,0,0,0,0
Nicolás Domínguez,179,73,5,16.6,2,2,4,2,0,0,4,0,1.3,1.3,1,2.3,14,91,43,0.12,0.12,0.24,0.12,0.24,0.08,0.06,0.14,0.08,0.14,CDM,"CDM, CM",0,0,0,0,0,0,1,0,1,0,0,0,0,0,0
Nicolas Jackson,186,78,3,31.1,14,5,19,14,0,0,10,0,18.6,18.6,4.3,22.9,70,67,200,0.45,0.16,0.61,0.45,0.61,0.6,0.14,0.74,0.6,0.74,ST,ST,0,0,0,0,0,0,0,0,0,0,0,1,0,0,0
Nicolò Zaniolo,190,79,3,9.3,2,0,2,2,0,0,7,0,2.6,2.6,1,3.6,35,30,60,0.21,0,0.21,0.21,0.21,0.28,0.11,0.39,0.28,0.39,RM,"RM, CF",0,0,0,0,0,0,0,0,0,0,1,0,0,0,1
Nuno Tavares,183,75,4,5.1,0,0,0,0,0,0,2,0,0.2,0.2,0.5,0.7,14,24,12,0,0,0,0,0,0.03,0.1,0.13,0.03,0.13,LB,"LB, LM",1,0,0,0,0,1,0,0,0,0,0,0,0,0,0
Odisseas Vlachodimos,190,81,3,5,0,0,0,0,0,0,0,0,0,0,0,0,0,1,0,0,0,0,0,0,0,0.01,0.01,0,0.01,GK,GK,0,0,0,0,1,0,0,0,0,0,0,0,0,0,0
Odsonne Édouard,187,83,4,17.3,7,0,7,7,0,0,4,0,6.2,6.2,1.2,7.4,33,36,100,0.41,0,0.41,0.41,0.41,0.36,0.07,0.43,0.36,0.43,ST,ST,0,0,0,0,0,0,0,0,0,0,0,1,0,0,0
Oleksandr Zinchenko,175,64,3,19.1,1,2,3,1,0,0,2,0,0.6,0.6,2.5,3.1,40,229,58,0.05,0.1,0.16,0.05,0.16,0.03,0.13,0.16,0.03,0.16,LB,LB,1,0,0,0,0,0,0,0,0,0,0,0,0,0,0
Oliver McBurnie,191,77,3,14.2,6,3,9,4,2,2,7,2,6.9,5.3,2,7.3,6,30,60,0.42,0.21,0.63,0.28,0.49,0.48,0.14,0.62,0.37,0.51,ST,ST,0,0,0,0,0,0,0,0,0,0,0,1,0,0,0
Oliver Norwood,175,69,3,16,1,0,1,0,1,1,8,0,1.1,0.3,0.6,0.9,3,73,10,0.06,0,0.06,0,0,0.07,0.04,0.11,0.02,0.06,CDM,"CDM, CM",0,0,0,0,0,0,1,0,1,0,0,0,0,0,0
Oliver Skipp,175,70,3,7.9,0,0,0,0,0,0,3,0,0.7,0.7,0.6,1.3,8,37,25,0,0,0,0,0,0.09,0.07,0.16,0.09,0.16,CDM,"CDM, CM",0,0,0,0,0,0,1,0,1,0,0,0,0,0,0
Ollie Watkins,180,70,4,35.7,19,13,32,19,0,0,4,0,16.8,16.8,7.3,24.2,62,55,214,0.53,0.36,0.9,0.53,0.9,0.47,0.21,0.68,0.47,0.68,ST,ST,0,0,0,0,0,0,0,0,0,0,0,1,0,0,0
Omari Kellyman,182,66,3,0.4,0,0,0,0,0,0,0,0,0.1,0.1,0,0.1,1,0,0,0,0,0,0,0,0.17,0,0.17,0.17,0.17,CAM,"CAM, RW, LW",0,0,0,0,0,0,0,1,0,1,0,0,1,0,0
Orel Mangala,178,80,3,17.4,1,0,1,1,0,0,6,0,0.8,0.8,0.2,1.1,13,45,14,0.06,0,0.06,0.06,0.06,0.05,0.01,0.06,0.05,0.06,CM,"CM, CDM",0,0,0,0,0,0,1,0,1,0,0,0,0,0,0
Oscar Bobb,174,73,3,3.4,1,1,2,1,0,0,0,0,1.4,1.4,1.2,2.6,13,25,38,0.3,0.3,0.6,0.3,0.6,0.41,0.37,0.78,0.41,0.78,RW,RW,0,0,0,0,0,0,0,0,0,1,0,0,0,0,0
Pablo Fornals,178,67,3,4.7,0,0,0,0,0,0,0,0,0.3,0.3,0.3,0.6,4,29,27,0,0,0,0,0,0.07,0.07,0.13,0.07,0.13,LM,"LM, CAM",0,0,0,0,0,1,0,1,0,0,0,0,0,0,0
Pablo Sarabia,174,70,4,19.4,4,7,11,2,2,2,5,0,5.5,3.9,5.9,9.8,41,109,137,0.21,0.36,0.57,0.1,0.46,0.28,0.3,0.59,0.2,0.5,RM,"RM, CAM",0,0,0,0,0,0,0,1,0,0,1,0,0,0,0
Pape Matar Sarr,184,70,3,23,3,3,6,3,0,0,9,0,3.4,3.4,2.2,5.7,43,150,90,0.13,0.13,0.26,0.13,0.26,0.15,0.1,0.25,0.15,0.25,CM,"CM, CDM",0,0,0,0,0,0,1,0,1,0,0,0,0,0,0
Pascal Groß,181,78,4,34.6,4,10,14,3,1,1,6,0,6.5,5.7,8.1,13.8,83,302,180,0.12,0.29,0.4,0.09,0.38,0.19,0.24,0.42,0.16,0.4,CM,"CM, CDM, RB",0,0,1,0,0,0,1,0,1,0,0,0,0,0,0
Pau Torres,191,80,3,27.4,2,0,2,2,0,0,1,0,1,1,0.4,1.4,42,128,16,0.07,0,0.07,0.07,0.07,0.04,0.02,0.05,0.04,0.05,CB,CB,0,1,0,0,0,0,0,0,0,0,0,0,0,0,0
Paul Dummett,183,82,2,0.2,0,0,0,0,0,0,0,0,0,0,0,0,1,1,0,0,0,0,0,0,0.11,0,0.11,0.11,0.11,CB,"CB, LB",1,1,0,0,0,0,0,0,0,0,0,0,0,0,0
Pedro Neto,172,62,4,16.8,2,9,11,2,0,0,4,0,3.5,3.5,4.4,7.9,98,54,149,0.12,0.53,0.65,0.12,0.65,0.21,0.26,0.47,0.21,0.47,LM,"LM, RW, ST",0,0,0,0,0,1,0,0,0,1,0,1,0,0,0
Pedro Porro,173,69,3,34.3,3,7,10,3,0,0,3,0,2.9,2.9,7.2,10.1,57,194,158,0.09,0.2,0.29,0.09,0.29,0.09,0.21,0.3,0.09,0.3,RB,"RB, RWB",0,0,1,1,0,0,0,0,0,1,0,0,0,0,0
Pervis Estupiñán,175,78,3,13.8,2,3,5,2,0,0,4,0,1,1,3.5,4.4,47,83,88,0.14,0.22,0.36,0.14,0.36,0.07,0.25,0.32,0.07,0.32,LB,LB,1,0,0,0,0,0,0,0,0,0,0,0,0,0,0
Philip Billing,197,80,3,15.5,2,2,4,2,0,0,3,1,2.5,2.5,3.2,5.7,22,53,63,0.13,0.13,0.26,0.13,0.26,0.16,0.21,0.36,0.16,0.36,CM,"CM, CAM",0,0,0,0,0,0,1,1,0,0,0,0,0,0,0
Raheem Sterling,170,69,3,22,8,4,12,8,0,0,7,0,6.5,6.5,4.5,11,120,78,242,0.36,0.18,0.55,0.36,0.55,0.29,0.2,0.5,0.29,0.5,LW,"LW, RW, ST",0,0,0,0,0,0,0,0,0,1,0,1,1,0,0
Raphaël Varane,191,81,4,15.3,1,0,1,1,0,0,2,0,1.3,1.3,0.1,1.3,16,59,2,0.07,0,0.07,0.07,0.07,0.08,0,0.09,0.08,0.09,CB,CB,0,1,0,0,0,0,0,0,0,0,0,0,0,0,0
Rasmus Højlund,191,79,3,24,10,2,12,10,0,0,2,0,7.6,7.6,1.6,9.2,36,33,111,0.42,0.08,0.5,0.42,0.5,0.32,0.07,0.38,0.32,0.38,ST,ST,0,0,0,0,0,0,0,0,0,0,0,1,0,0,0
Raúl Jiménez,188,81,4,15.5,7,0,7,7,0,0,3,1,5.2,5.2,1.5,6.6,11,24,87,0.45,0,0.45,0.45,0.45,0.33,0.1,0.43,0.33,0.43,ST,ST,0,0,0,0,0,0,0,0,0,0,0,1,0,0,0
Rayan Aït-Nouri,180,70,3,25.9,2,1,3,2,0,0,7,0,3.3,3.3,2.4,5.6,67,99,99,0.08,0.04,0.12,0.08,0.12,0.13,0.09,0.22,0.13,0.22,LB,"LB, LWB",1,0,0,0,0,0,0,0,0,0,0,0,1,1,0
Reece Burke,189,81,3,18.4,0,4,4,0,0,0,5,0,1.3,1.3,1.4,2.7,11,67,14,0,0.22,0.22,0,0.22,0.07,0.07,0.15,0.07,0.15,CB,CB,0,1,0,0,0,0,0,0,0,0,0,0,0,0,0
Reece James,178,87,3,4.7,0,2,2,0,0,0,2,2,0.3,0.3,1.7,2.1,19,21,35,0,0.43,0.43,0,0.43,0.07,0.37,0.44,0.07,0.44,RB,"RB, RWB",0,0,1,1,0,0,0,0,0,1,0,0,0,0,0
Reiss Nelson,175,71,3,3,0,0,0,0,0,0,1,0,0.2,0.2,0.6,0.8,9,5,26,0,0,0,0,0,0.07,0.2,0.27,0.07,0.27,RW,"RW, LW",0,0,0,0,0,0,0,0,0,1,0,0,1,0,0
Remi Matthews,192,78,3,0,0,0,0,0,0,0,0,0,0,0,0,0,0,0,0,0,0,0,0,0,0,0,0,0,0,GK,GK,0,0,0,0,1,0,0,0,0,0,0,0,0,0,0
Rhian Brewster,180,75,3,3.8,0,0,0,0,0,0,0,1,0.4,0.4,0.1,0.5,1,3,21,0,0,0,0,0,0.09,0.03,0.12,0.09,0.12,ST,ST,0,0,0,0,0,0,0,0,0,0,0,1,0,0,0
Rhys Norrington-Davies,181,70,2,1.2,0,0,0,0,0,0,1,0,0,0,0,0,3,2,6,0,0,0,0,0,0,0.01,0.01,0,0.01,LWB,"LWB, CB, LB",1,1,0,0,0,0,0,0,0,0,0,0,1,1,0
Richarlison,184,71,5,16.6,11,4,15,11,0,0,3,0,9.6,9.6,2.1,11.7,26,38,106,0.66,0.24,0.91,0.66,0.91,0.58,0.13,0.7,0.58,0.7,ST,"ST, LW, RW",0,0,0,0,0,0,0,0,0,1,0,1,1,0,0
Rico Henry,170,66,2,4.5,0,1,1,0,0,0,1,0,0.1,0.1,1,1.1,13,20,12,0,0.22,0.22,0,0.22,0.02,0.22,0.24,0.02,0.24,LB,"LB, LWB",1,0,0,0,0,0,0,0,0,0,0,0,1,1,0
Rico Lewis,169,70,3,9,2,0,2,2,0,0,1,0,0.6,0.6,1.1,1.8,21,33,46,0.22,0,0.22,0.22,0.22,0.07,0.12,0.19,0.07,0.19,RB,"RB, CDM",0,0,1,0,0,0,0,0,1,0,0,0,0,0,0
Robert Sánchez,197,85,4,15.9,0,0,0,0,0,0,2,0,0,0,0,0,0,1,0,0,0,0,0,0,0,0,0,0,0,GK,GK,0,0,0,0,1,0,0,0,0,0,0,0,0,0,0
Robin Olsen,198,89,2,4.5,0,0,0,0,0,0,0,0,0,0,0,0,0,0,0,0,0,0,0,0,0,0,0,0,0,GK,GK,0,0,0,0,1,0,0,0,0,0,0,0,0,0,0
Rodri,191,82,4,32.6,8,9,17,8,0,0,8,1,4.1,4.1,3.9,8,76,376,55,0.25,0.28,0.52,0.25,0.52,0.12,0.12,0.24,0.12,0.24,CDM,"CDM, CM",0,0,0,0,0,0,1,0,1,0,0,0,0,0,0
Rodrigo Bentancur,187,73,4,11.2,1,1,2,1,0,0,7,0,1.9,1.9,0.5,2.4,16,72,31,0.09,0.09,0.18,0.09,0.18,0.17,0.04,0.22,0.17,0.22,CM,"CM, CDM",0,0,0,0,0,0,1,0,1,0,0,0,0,0,0
Rodrigo Muniz,185,79,3,17.7,9,1,10,9,0,0,1,0,8.7,8.7,2,10.7,8,19,76,0.51,0.06,0.56,0.51,0.56,0.49,0.12,0.61,0.49,0.61,ST,ST,0,0,0,0,0,0,0,0,0,0,0,1,0,0,0
Roméo Lavia,181,75,3,0.4,0,0,0,0,0,0,0,0,0,0,0,0,0,1,0,0,0,0,0,0,0,0,0,0,0,CDM,CDM,0,0,0,0,0,0,0,0,1,0,0,0,0,0,0
Ross Barkley,186,76,5,29.1,5,4,9,5,0,0,6,0,4.1,4.1,3.7,7.9,48,163,39,0.17,0.14,0.31,0.17,0.31,0.14,0.13,0.27,0.14,0.27,CAM,"CAM, CM",0,0,0,0,0,0,1,1,0,0,0,0,0,0,0
Rúben Dias,187,82,4,28.4,0,0,0,0,0,0,0,0,1.4,1.4,0.3,1.7,34,173,16,0,0,0,0,0,0.05,0.01,0.06,0.05,0.06,CB,CB,0,1,0,0,0,0,0,0,0,0,0,0,0,0,0
Ryan Christie,178,71,4,32.3,0,5,5,0,0,0,6,0,2.3,2.3,5.4,7.7,60,167,78,0,0.15,0.15,0,0.15,0.07,0.17,0.24,0.07,0.24,RM,"RM, RW",0,0,0,0,0,0,0,0,0,1,1,0,0,0,0
Ryan Gravenberch,190,77,4,12.5,1,0,1,1,0,0,0,0,2,2,0.9,2.9,39,78,71,0.08,0,0.08,0.08,0.08,0.16,0.07,0.23,0.16,0.23,CM,CM,0,0,0,0,0,0,1,0,0,0,0,0,0,0,0
Ryan Yates,190,77,3,22.1,1,1,2,1,0,0,6,0,2.6,2.6,0.8,3.5,18,73,37,0.05,0.05,0.09,0.05,0.09,0.12,0.04,0.16,0.12,0.16,CDM,"CDM, CM",0,0,0,0,0,0,1,0,1,0,0,0,0,0,0
Saïd Benrahma,172,67,4,6.9,0,1,1,0,0,1,1,0,1.8,1,1.4,2.5,28,28,70,0,0.15,0.15,0,0.15,0.27,0.21,0.47,0.15,0.36,LM,"LM, CAM",0,0,0,0,0,1,0,1,0,0,0,0,0,0,0
Sam Johnstone,193,85,3,20,0,0,0,0,0,0,1,0,0,0,0,0,0,0,0,0,0,0,0,0,0,0,0,0,0,GK,GK,0,0,0,0,1,0,0,0,0,0,0,0,0,0,0
Saman Ghoddos,175,79,3,8.2,1,0,1,1,0,0,5,0,0.3,0.3,1.1,1.4,22,36,31,0.12,0,0.12,0.12,0.12,0.04,0.13,0.17,0.04,0.17,CAM,"CAM, CM, LM",0,0,0,0,0,1,1,1,0,0,0,0,0,0,0
Sander Berge,195,96,3,33.4,1,2,3,1,0,0,10,1,1.9,1.9,2.4,4.3,64,164,29,0.03,0.06,0.09,0.03,0.09,0.06,0.07,0.13,0.06,0.13,CM,CM,0,0,0,0,0,0,1,0,0,0,0,0,0,0,0
Sandro Tonali,181,79,4,4.9,1,0,1,1,0,0,2,0,0.7,0.7,0.6,1.3,11,19,21,0.21,0,0.21,0.21,0.21,0.13,0.13,0.26,0.13,0.26,CDM,"CDM, CM",0,0,0,0,0,0,1,0,1,0,0,0,0,0,0
Santiago Bueno,190,76,3,9.1,0,0,0,0,0,0,1,0,0,0,0.1,0.1,3,11,2,0,0,0,0,0,0,0.01,0.01,0,0.01,CB,CB,0,1,0,0,0,0,0,0,0,0,0,0,0,0,0
Saša Lukić,183,77,3,12.5,1,0,1,1,0,0,3,0,1.6,1.6,0.8,2.4,12,43,27,0.08,0,0.08,0.08,0.08,0.13,0.06,0.19,0.13,0.19,CM,"CM, CDM",0,0,0,0,0,0,1,0,1,0,0,0,0,0,0
Scott McKenna,189,80,3,4.6,0,0,0,0,0,0,0,0,0.2,0.2,0.2,0.4,1,10,0,0,0,0,0,0,0.05,0.04,0.08,0.05,0.08,CB,CB,0,1,0,0,0,0,0,0,0,0,0,0,0,0,0
Scott McTominay,193,88,3,21.1,7,1,8,7,0,0,2,0,5.7,5.7,0.8,6.6,29,64,47,0.33,0.05,0.38,0.33,0.38,0.27,0.04,0.31,0.27,0.31,CDM,"CDM, CM",0,0,0,0,0,0,1,0,1,0,0,0,0,0,0
Séamus Coleman,177,77,3,7.4,0,0,0,0,0,0,0,0,0,0,1,1,5,22,16,0,0,0,0,0,0,0.14,0.14,0,0.14,RB,"RB, RWB",0,0,1,1,0,0,0,0,0,1,0,0,0,0,0
Sean Longstaff,180,65,3,30.5,6,2,8,6,0,0,7,0,6.6,6.6,2.3,8.8,24,145,116,0.2,0.07,0.26,0.2,0.26,0.22,0.07,0.29,0.22,0.29,CM,CM,0,0,0,0,0,0,1,0,0,0,0,0,0,0,0
Serge Aurier,174,74,3,9.3,0,2,2,0,0,0,2,0,0.2,0.2,0.5,0.6,10,47,29,0,0.22,0.22,0,0.22,0.02,0.05,0.07,0.02,0.07,RB,"RB, RWB",0,0,1,1,0,0,0,0,0,1,0,0,0,0,0
Sergio Gómez,171,68,3,0.6,0,1,1,0,0,0,0,0,0.2,0.2,0.2,0.4,4,2,4,0,1.7,1.7,0,1.7,0.41,0.31,0.73,0.41,0.73,LB,LB,1,0,0,0,0,0,0,0,0,0,0,0,0,0,0
Sergio Reguilón,178,68,3,4.6,0,0,0,0,0,0,3,0,0.2,0.2,0.7,0.9,11,27,38,0,0,0,0,0,0.04,0.16,0.2,0.04,0.2,LB,"LB, LWB",1,0,0,0,0,0,0,0,0,0,0,0,1,1,0
Sergio Reguilón,178,68,3,12.4,0,4,4,0,0,0,4,1,0.8,0.8,2.8,3.6,34,38,40,0,0.32,0.32,0,0.32,0.06,0.23,0.29,0.06,0.29,LB,"LB, LWB",1,0,0,0,0,0,0,0,0,0,0,0,1,1,0
Shandon Baptiste,175,67,4,2.5,1,1,2,1,0,0,1,0,0.9,0.9,0.2,1.1,3,5,1,0.39,0.39,0.79,0.39,0.79,0.35,0.08,0.43,0.35,0.43,CM,"CM, CDM",0,0,0,0,0,0,1,0,1,0,0,0,0,0,0
Simon Adingra,175,65,3,24.7,6,1,7,6,0,0,3,0,4.3,4.3,3.7,8,111,50,278,0.24,0.04,0.28,0.24,0.28,0.17,0.15,0.32,0.17,0.32,LM,"LM, ST",0,0,0,0,0,1,0,0,0,0,0,1,0,0,0
Sofyan Amrabat,185,75,2,10.4,0,0,0,0,0,0,6,0,0.1,0.1,0.3,0.4,6,66,10,0,0,0,0,0,0.01,0.03,0.04,0.01,0.04,CDM,"CDM, CM",0,0,0,0,0,0,1,0,1,0,0,0,0,0,0
Stefan Bajcetic,185,70,3,0.3,0,0,0,0,0,0,0,0,0,0,0,0,0,1,0,0,0,0,0,0,0,0,0,0,0,CDM,"CDM, CM",0,0,0,0,0,0,1,0,1,0,0,0,0,0,0
Stefan Ortega,185,88,4,7.1,0,0,0,0,0,0,0,0,0,0,0,0,0,0,0,0,0,0,0,0,0,0,0,0,0,GK,GK,0,0,0,0,1,0,0,0,0,0,0,0,0,0,0
Sven Botman,193,81,3,15.3,2,2,4,2,0,0,2,0,0.6,0.6,1,1.6,0,35,5,0.13,0.13,0.26,0.13,0.26,0.04,0.07,0.11,0.04,0.11,CB,CB,0,1,0,0,0,0,0,0,0,0,0,0,0,0,0
Tahith Chong,185,75,3,22,4,0,4,4,0,0,4,0,2.7,2.7,0.5,3.2,57,72,101,0.18,0,0.18,0.18,0.18,0.12,0.02,0.15,0.12,0.15,RM,"RM, CM, CF",0,0,0,0,0,0,1,0,0,0,1,0,0,0,1
Taiwo Awoniyi,189,85,2,11.6,6,3,9,6,0,0,2,0,4.7,4.7,1.7,6.4,8,14,45,0.52,0.26,0.78,0.52,0.78,0.41,0.15,0.56,0.41,0.56,ST,ST,0,0,0,0,0,0,0,0,0,0,0,1,0,0,0
Tariq Lamptey,163,62,3,10.2,0,3,3,0,0,0,3,0,0.4,0.4,1.2,1.7,39,17,64,0,0.3,0.3,0,0.3,0.04,0.12,0.16,0.04,0.16,RB,"RB, RWB",0,0,1,1,0,0,0,0,0,1,0,0,0,0,0
Teden Mengi,183,78,3,27.4,1,0,1,1,0,0,3,0,0.6,0.6,0.3,0.9,15,54,1,0.04,0,0.04,0.04,0.04,0.02,0.01,0.03,0.02,0.03,CB,CB,0,1,0,0,0,0,0,0,0,0,0,0,0,0,0
Thiago Silva,183,79,3,28.1,3,1,4,3,0,0,4,0,0.8,0.8,1,1.8,2,102,5,0.11,0.04,0.14,0.11,0.14,0.03,0.04,0.06,0.03,0.06,CB,CB,0,1,0,0,0,0,0,0,0,0,0,0,0,0,0
Thilo Kehrer,186,76,5,0.2,0,0,0,0,0,0,2,0,0,0,0,0,0,1,1,0,0,0,0,0,0,0,0,0,0,CB,"CB, RB",0,1,1,0,0,0,0,0,0,0,0,0,0,0,0
Thomas Kaminski,190,78,3,37.8,0,0,0,0,0,0,3,0,0,0,0,0,0,1,0,0,0,0,0,0,0,0,0,0,0,GK,GK,0,0,0,0,1,0,0,0,0,0,0,0,0,0,0
Thomas Partey,185,77,3,8.8,0,0,0,0,0,0,3,0,0.4,0.4,0.3,0.7,15,72,10,0,0,0,0,0,0.05,0.03,0.08,0.05,0.08,CDM,"CDM, CM",0,0,0,0,0,0,1,0,1,0,0,0,0,0,0
Thomas Strakosha,193,78,2,1.5,0,0,0,0,0,0,0,0,0,0,0,0,0,0,0,0,0,0,0,0,0,0,0,0,0,GK,GK,0,0,0,0,1,0,0,0,0,0,0,0,0,0,0
Tim Iroegbunam,183,70,4,1.8,0,0,0,0,0,0,0,0,0,0,0,0,3,1,0,0,0,0,0,0,0,0,0,0,0,CDM,"CDM, CM",0,0,0,0,0,0,1,0,1,0,0,0,0,0,0
Timothy Castagne,185,80,3,29.3,1,3,4,1,0,0,3,0,1.6,1.6,1.9,3.5,48,77,113,0.03,0.1,0.14,0.03,0.14,0.06,0.07,0.12,0.06,0.12,RB,"RB, LB, RW",1,0,1,0,0,0,0,0,0,1,0,0,0,0,0
Tom Cairney,186,84,2,16.5,1,4,5,1,0,0,3,0,1.1,1.1,2.3,3.4,35,145,72,0.06,0.24,0.3,0.06,0.3,0.07,0.14,0.2,0.07,0.2,CM,"CM, CAM",0,0,0,0,0,0,1,1,0,0,0,0,0,0,0
Tom Davies,180,70,3,2.5,0,0,0,0,0,0,2,0,0.4,0.4,0.1,0.4,3,8,3,0,0,0,0,0,0.14,0.03,0.17,0.14,0.17,CM,"CM, CDM",0,0,0,0,0,0,1,0,1,0,0,0,0,0,0
Tomáš Souček,192,86,3,31.9,7,2,9,7,0,0,7,0,6.7,6.7,1.7,8.4,7,86,39,0.22,0.06,0.28,0.22,0.28,0.21,0.05,0.26,0.21,0.26,CDM,"CDM, CM",0,0,0,0,0,0,1,0,1,0,0,0,0,0,0
Toti Gomes,187,72,3,30.8,1,3,4,1,0,0,7,0,1.6,1.6,1.2,2.8,22,79,11,0.03,0.1,0.13,0.03,0.13,0.05,0.04,0.09,0.05,0.09,CB,"CB, LB",1,1,0,0,0,0,0,0,0,0,0,0,0,0,0
Trent Alexander-Arnold,180,69,4,23.9,3,4,7,3,0,0,6,0,2.6,2.3,7.2,9.5,45,205,97,0.13,0.17,0.29,0.13,0.29,0.11,0.3,0.41,0.1,0.4,RB,RB,0,0,1,0,0,0,0,0,0,0,0,0,0,0,0
Trevoh Chalobah,191,84,3,10.6,1,0,1,1,0,0,1,0,0.2,0.2,0.1,0.3,5,31,9,0.09,0,0.09,0.09,0.09,0.02,0.01,0.02,0.02,0.02,CB,"CB, RB, CDM",0,1,1,0,0,0,0,0,1,0,0,0,0,0,0
Tyler Adams,175,72,3,1.3,0,0,0,0,0,0,0,0,0,0,0.1,0.1,4,5,1,0,0,0,0,0,0,0.06,0.06,0,0.06,CDM,"CDM, CM",0,0,0,0,0,0,1,0,1,0,0,0,0,0,0
Tyler Onyango,196,75,3,0,0,0,0,0,0,0,0,0,0,0,0,0,0,0,0,0,0,0,0,0,0,0,0,0,0,CM,"CM, CAM",0,0,0,0,0,0,1,1,0,0,0,0,0,0,0
Tyrick Mitchell,175,66,3,35.6,2,3,5,2,0,0,6,0,1.6,1.6,2.8,4.4,32,94,159,0.06,0.08,0.14,0.06,0.14,0.04,0.08,0.12,0.04,0.12,LB,LB,1,0,0,0,0,0,0,0,0,0,0,0,0,0,0
Tyrone Mings,196,77,2,0.3,0,0,0,0,0,0,0,0,0,0,0,0,0,0,0,0,0,0,0,0,0.02,0.07,0.09,0.02,0.09,CB,CB,0,1,0,0,0,0,0,0,0,0,0,0,0,0,0
Valentino Livramento,181,71,4,14.6,1,0,1,1,0,0,1,0,0.4,0.4,0.8,1.2,44,61,76,0.07,0,0.07,0.07,0.07,0.03,0.05,0.08,0.03,0.08,RB,RB,0,0,1,0,0,0,0,0,0,0,0,0,0,0,0
Victor Lindelöf,187,80,4,14.8,1,1,2,1,0,0,2,0,0.8,0.8,0.3,1.1,17,40,17,0.07,0.07,0.14,0.07,0.14,0.05,0.02,0.07,0.05,0.07,CB,CB,0,1,0,0,0,0,0,0,0,0,0,0,0,0,0
Vinicius Souza,187,80,3,29.6,1,0,1,1,0,0,3,0,0.6,0.6,0.2,0.8,7,66,21,0.03,0,0.03,0.03,0.03,0.02,0.01,0.03,0.02,0.03,CDM,"CDM, CM, CB",0,1,0,0,0,0,1,0,1,0,0,0,0,0,0
Virgil van Dijk,193,92,3,35.3,2,2,4,2,0,0,3,1,2.8,2.8,1.6,4.4,32,200,7,0.06,0.06,0.11,0.06,0.11,0.08,0.04,0.12,0.08,0.12,CB,CB,0,1,0,0,0,0,0,0,0,0,0,0,0,0,0
Vitaliy Mykolenko,180,71,2,27.4,2,0,2,2,0,0,1,0,1.5,1.5,0.9,2.4,14,55,68,0.07,0,0.07,0.07,0.07,0.06,0.03,0.09,0.06,0.09,LB,"LB, LWB",1,0,0,0,0,0,0,0,0,0,0,0,1,1,0
Vitaly Janelt,184,79,3,33.9,1,3,4,1,0,0,8,0,1.8,1.8,4.8,6.5,25,123,81,0.03,0.09,0.12,0.03,0.12,0.05,0.14,0.19,0.05,0.19,CDM,"CDM, CM",0,0,0,0,0,0,1,0,1,0,0,0,0,0,0
Vitinho,175,73,4,25.7,0,2,2,0,0,0,1,0,1.6,1.6,1.3,2.9,59,66,110,0,0.08,0.08,0,0.08,0.06,0.05,0.11,0.06,0.11,RB,"RB, RM, LB",1,0,1,0,0,0,0,0,0,0,1,0,0,0,0
Vladimír Coufal,175,76,3,34.8,0,7,7,0,0,0,7,1,0.3,0.3,4,4.3,68,119,126,0,0.2,0.2,0,0.2,0.01,0.11,0.12,0.01,0.12,RB,RB,0,0,1,0,0,0,0,0,0,0,0,0,0,0,0
Will Hughes,185,74,3,21,0,1,1,0,0,0,6,0,0.3,0.3,1.1,1.5,14,76,17,0,0.05,0.05,0,0.05,0.02,0.05,0.07,0.02,0.07,CM,"CM, CDM",0,0,0,0,0,0,1,0,1,0,0,0,0,0,0
William Osula,192,81,4,8.7,0,0,0,0,0,0,4,0,1.6,1.6,0.1,1.7,7,2,41,0,0,0,0,0,0.19,0.01,0.2,0.19,0.2,ST,ST,0,0,0,0,0,0,0,0,0,0,0,1,0,0,0
William Saliba,193,85,3,38,2,1,3,2,0,0,4,0,1.6,1.6,0.2,1.8,16,157,6,0.05,0.03,0.08,0.05,0.08,0.04,0.01,0.05,0.04,0.05,CB,CB,0,1,0,0,0,0,0,0,0,0,0,0,0,0,0
Willian,175,77,4,22.8,4,2,6,2,2,2,1,0,5.1,3.6,3.9,7.5,92,153,181,0.18,0.09,0.26,0.09,0.18,0.22,0.17,0.4,0.16,0.33,LM,"LM, RM",0,0,0,0,0,1,0,0,0,0,1,0,0,0,0
Wilson Odobert,182,75,4,23.3,3,2,5,3,0,0,3,0,2.8,2.8,3.3,6.1,102,58,123,0.13,0.09,0.21,0.13,0.21,0.12,0.14,0.26,0.12,0.26,LW,"LW, LM, RM",0,0,0,0,0,1,0,0,0,0,1,0,1,0,0
Yasser Larouci,176,68,2,5.9,0,0,0,0,0,0,1,0,0.2,0.2,0.3,0.5,18,14,12,0,0,0,0,0,0.04,0.05,0.09,0.04,0.09,LWB,"LWB, LB",1,0,0,0,0,0,0,0,0,0,0,0,1,1,0
Yehor Yarmoliuk,180,72,3,7.6,0,0,0,0,0,0,2,0,1,1,0.1,1.1,13,35,36,0,0,0,0,0,0.13,0.01,0.14,0.13,0.14,CAM,"CAM, CM, RW",0,0,0,0,0,0,1,1,0,1,0,0,0,0,0
Yoane Wissa,176,74,3,27.7,12,3,15,12,0,0,7,0,10.6,10.6,3.9,14.5,45,48,150,0.43,0.11,0.54,0.43,0.54,0.38,0.14,0.52,0.38,0.52,LW,"LW, ST",0,0,0,0,0,0,0,0,0,0,0,1,1,0,0
Youri Tielemans,176,72,5,18,2,6,8,2,0,0,3,0,1.3,1.3,2.6,3.9,23,128,46,0.11,0.33,0.44,0.11,0.44,0.07,0.14,0.21,0.07,0.21,CM,"CM, CDM",0,0,0,0,0,0,1,0,1,0,0,0,0,0,0
Youssef Chermiti,192,81,3,2.3,0,0,0,0,0,0,3,0,0.7,0.7,0.8,1.5,5,5,15,0,0,0,0,0,0.31,0.34,0.65,0.31,0.65,ST,ST,0,0,0,0,0,0,0,0,0,0,0,1,0,0,0
Yves Bissouma,182,80,3,23,0,0,0,0,0,0,10,2,1.4,1.4,0.4,1.8,43,169,13,0,0,0,0,0,0.06,0.02,0.08,0.06,0.08,CDM,"CDM, CM",0,0,0,0,0,0,1,0,1,0,0,0,0,0,0
Zeki Amdouni,185,79,4,21.7,5,1,6,4,1,1,2,0,5.8,5,1.4,6.5,63,49,93,0.23,0.05,0.28,0.18,0.23,0.27,0.07,0.33,0.23,0.3,ST,"ST, CAM",0,0,0,0,0,0,0,1,0,0,0,1,0,0,0
